{
"type": "FeatureCollection",
"name": "fires_smallclip",
"crs": { "type": "name", "properties": { "name": "urn:ogc:def:crs:OGC:1.3:CRS84" } },
"features": [
{"type":"Feature","properties":{"fid":205722,"acq_date":"2025-02-01","acq_time":"1244","bright_t31":305.7,"track":1.2,"version":"61.03","confidence":"70","scan":1.5,"type":"0","frp":32.6,"daynight":"D","instrument":"MODIS","brightness":332.5,"satellite":"Aqua","year":2025},"geometry":{"type":"Point","coordinates":[29.5727,4.1163]}},
{"type":"Feature","properties":{"fid":173465,"acq_date":"2021-02-26","acq_time":"2046","bright_t31":292.2,"track":1.2,"version":"6.03","confidence":"93","scan":1.6,"type":"0","frp":30.0,"daynight":"N","instrument":"MODIS","brightness":318.7,"satellite":"Terra","year":2021},"geometry":{"type":"Point","coordinates":[29.5736,4.1204]}},
{"type":"Feature","properties":{"fid":147317,"acq_date":"2025-02-01","acq_time":"1141","bright_t31":305.89,"track":0.43,"version":"2","confidence":"n","scan":0.57,"type":"0","frp":44.3,"daynight":"D","instrument":"VIIRS","brightness":348.02,"satellite":"N20","year":2025},"geometry":{"type":"Point","coordinates":[29.57409,4.12339]}},
{"type":"Feature","properties":{"fid":205590,"acq_date":"2025-02-01","acq_time":"0022","bright_t31":287.1,"track":1.1,"version":"61.03","confidence":"57","scan":1.2,"type":"0","frp":9.6,"daynight":"N","instrument":"MODIS","brightness":303.7,"satellite":"Aqua","year":2025},"geometry":{"type":"Point","coordinates":[29.5736,4.1239]}},
{"type":"Feature","properties":{"fid":416692,"acq_date":"2025-02-01","acq_time":"1051","bright_t31":306.74,"track":0.54,"version":"2.0NRT","confidence":"n","scan":0.63,"type":null,"frp":15.0,"daynight":"D","instrument":"VIIRS","brightness":346.65,"satellite":"N21","year":2025},"geometry":{"type":"Point","coordinates":[29.57453,4.11986]}},
{"type":"Feature","properties":{"fid":416695,"acq_date":"2025-02-01","acq_time":"1051","bright_t31":303.4,"track":0.54,"version":"2.0NRT","confidence":"n","scan":0.63,"type":null,"frp":12.94,"daynight":"D","instrument":"VIIRS","brightness":350.57,"satellite":"N21","year":2025},"geometry":{"type":"Point","coordinates":[29.57374,4.12479]}},
{"type":"Feature","properties":{"fid":280188,"acq_date":"2023-01-14","acq_time":"1203","bright_t31":301.07,"track":0.59,"version":"2","confidence":"h","scan":0.39,"type":"0","frp":14.74,"daynight":"D","instrument":"VIIRS","brightness":367.0,"satellite":"N","year":2023},"geometry":{"type":"Point","coordinates":[29.57534,4.11689]}},
{"type":"Feature","properties":{"fid":280201,"acq_date":"2023-01-14","acq_time":"1203","bright_t31":303.14,"track":0.59,"version":"2","confidence":"n","scan":0.39,"type":"0","frp":13.62,"daynight":"D","instrument":"VIIRS","brightness":357.1,"satellite":"N","year":2023},"geometry":{"type":"Point","coordinates":[29.57465,4.12241]}},
{"type":"Feature","properties":{"fid":356597,"acq_date":"2025-02-01","acq_time":"1118","bright_t31":310.73,"track":0.37,"version":"2","confidence":"l","scan":0.4,"type":"0","frp":30.28,"daynight":"D","instrument":"VIIRS","brightness":339.65,"satellite":"N","year":2025},"geometry":{"type":"Point","coordinates":[29.57481,4.11813]}},
{"type":"Feature","properties":{"fid":69869,"acq_date":"2023-01-14","acq_time":"1111","bright_t31":305.92,"track":0.39,"version":"2","confidence":"n","scan":0.47,"type":"0","frp":21.99,"daynight":"D","instrument":"VIIRS","brightness":338.69,"satellite":"N20","year":2023},"geometry":{"type":"Point","coordinates":[29.57521,4.12489]}},
{"type":"Feature","properties":{"fid":356602,"acq_date":"2025-02-01","acq_time":"1118","bright_t31":309.66,"track":0.37,"version":"2","confidence":"n","scan":0.4,"type":"0","frp":41.12,"daynight":"D","instrument":"VIIRS","brightness":343.9,"satellite":"N","year":2025},"geometry":{"type":"Point","coordinates":[29.57377,4.12488]}},
{"type":"Feature","properties":{"fid":216354,"acq_date":"2021-01-20","acq_time":"1136","bright_t31":298.72,"track":0.39,"version":"2","confidence":"h","scan":0.46,"type":"0","frp":17.14,"daynight":"D","instrument":"VIIRS","brightness":367.0,"satellite":"N","year":2021},"geometry":{"type":"Point","coordinates":[29.57365,4.08946]}},
{"type":"Feature","properties":{"fid":7041,"acq_date":"2021-01-19","acq_time":"2343","bright_t31":290.95,"track":0.41,"version":"2","confidence":"n","scan":0.5,"type":"0","frp":5.33,"daynight":"N","instrument":"VIIRS","brightness":334.93,"satellite":"N20","year":2021},"geometry":{"type":"Point","coordinates":[29.5748,4.08372]}},
{"type":"Feature","properties":{"fid":69763,"acq_date":"2023-01-14","acq_time":"1111","bright_t31":308.42,"track":0.39,"version":"2","confidence":"l","scan":0.47,"type":"0","frp":6.08,"daynight":"D","instrument":"VIIRS","brightness":337.44,"satellite":"N20","year":2023},"geometry":{"type":"Point","coordinates":[29.57305,4.08389]}},
{"type":"Feature","properties":{"fid":7286,"acq_date":"2021-01-20","acq_time":"1046","bright_t31":306.0,"track":0.6,"version":"2","confidence":"n","scan":0.4,"type":"0","frp":39.41,"daynight":"D","instrument":"VIIRS","brightness":350.96,"satellite":"N20","year":2021},"geometry":{"type":"Point","coordinates":[29.57356,4.0866]}},
{"type":"Feature","properties":{"fid":279914,"acq_date":"2023-01-13","acq_time":"2320","bright_t31":287.6,"track":0.38,"version":"2","confidence":"n","scan":0.44,"type":"0","frp":0.65,"daynight":"N","instrument":"VIIRS","brightness":303.94,"satellite":"N","year":2023},"geometry":{"type":"Point","coordinates":[29.57346,4.0818]}},
{"type":"Feature","properties":{"fid":279908,"acq_date":"2023-01-13","acq_time":"2320","bright_t31":286.22,"track":0.38,"version":"2","confidence":"n","scan":0.44,"type":"0","frp":0.65,"daynight":"N","instrument":"VIIRS","brightness":299.06,"satellite":"N","year":2023},"geometry":{"type":"Point","coordinates":[29.57398,4.08534]}},
{"type":"Feature","properties":{"fid":215171,"acq_date":"2021-01-18","acq_time":"1213","bright_t31":290.47,"track":0.72,"version":"2","confidence":"n","scan":0.64,"type":"0","frp":15.49,"daynight":"D","instrument":"VIIRS","brightness":350.38,"satellite":"N","year":2021},"geometry":{"type":"Point","coordinates":[29.57247,4.06459]}},
{"type":"Feature","properties":{"fid":215184,"acq_date":"2021-01-18","acq_time":"1213","bright_t31":289.61,"track":0.72,"version":"2","confidence":"l","scan":0.64,"type":"0","frp":21.76,"daynight":"D","instrument":"VIIRS","brightness":356.33,"satellite":"N","year":2021},"geometry":{"type":"Point","coordinates":[29.57261,4.06775]}},
{"type":"Feature","properties":{"fid":411589,"acq_date":"2025-01-21","acq_time":"2337","bright_t31":290.29,"track":0.38,"version":"2.0NRT","confidence":"n","scan":0.42,"type":null,"frp":2.07,"daynight":"N","instrument":"VIIRS","brightness":309.17,"satellite":"N21","year":2025},"geometry":{"type":"Point","coordinates":[29.57289,4.06463]}},
{"type":"Feature","properties":{"fid":280178,"acq_date":"2023-01-14","acq_time":"1203","bright_t31":295.49,"track":0.59,"version":"2","confidence":"n","scan":0.39,"type":"0","frp":8.88,"daynight":"D","instrument":"VIIRS","brightness":340.03,"satellite":"N","year":2023},"geometry":{"type":"Point","coordinates":[29.57471,4.06623]}},
{"type":"Feature","properties":{"fid":5951,"acq_date":"2021-01-18","acq_time":"1124","bright_t31":309.95,"track":0.36,"version":"2","confidence":"n","scan":0.38,"type":"0","frp":17.79,"daynight":"D","instrument":"VIIRS","brightness":355.0,"satellite":"N20","year":2021},"geometry":{"type":"Point","coordinates":[29.57282,4.0664]}},
{"type":"Feature","properties":{"fid":142121,"acq_date":"2025-01-21","acq_time":"2245","bright_t31":289.77,"track":0.64,"version":"2","confidence":"n","scan":0.46,"type":"0","frp":2.93,"daynight":"N","instrument":"VIIRS","brightness":303.28,"satellite":"N20","year":2025},"geometry":{"type":"Point","coordinates":[29.57482,4.06695]}},
{"type":"Feature","properties":{"fid":351156,"acq_date":"2025-01-22","acq_time":"0003","bright_t31":290.55,"track":0.56,"version":"2","confidence":"n","scan":0.34,"type":"0","frp":1.21,"daynight":"N","instrument":"VIIRS","brightness":309.56,"satellite":"N","year":2025},"geometry":{"type":"Point","coordinates":[29.57514,4.06725]}},
{"type":"Feature","properties":{"fid":351152,"acq_date":"2025-01-22","acq_time":"0003","bright_t31":290.39,"track":0.56,"version":"2","confidence":"n","scan":0.34,"type":"0","frp":0.74,"daynight":"N","instrument":"VIIRS","brightness":309.04,"satellite":"N","year":2025},"geometry":{"type":"Point","coordinates":[29.57523,4.06793]}},
{"type":"Feature","properties":{"fid":411558,"acq_date":"2025-01-21","acq_time":"2337","bright_t31":291.48,"track":0.38,"version":"2.0NRT","confidence":"n","scan":0.42,"type":null,"frp":2.07,"daynight":"N","instrument":"VIIRS","brightness":312.42,"satellite":"N21","year":2025},"geometry":{"type":"Point","coordinates":[29.5734,4.06806]}},
{"type":"Feature","properties":{"fid":148203,"acq_date":"2025-02-03","acq_time":"1103","bright_t31":298.44,"track":0.43,"version":"2","confidence":"n","scan":0.56,"type":"0","frp":35.78,"daynight":"D","instrument":"VIIRS","brightness":345.6,"satellite":"N20","year":2025},"geometry":{"type":"Point","coordinates":[29.58753,4.12434]}},
{"type":"Feature","properties":{"fid":385393,"acq_date":"2024-02-02","acq_time":"2233","bright_t31":282.64,"track":0.78,"version":"2.0NRT","confidence":"n","scan":0.79,"type":null,"frp":5.46,"daynight":"N","instrument":"VIIRS","brightness":306.35,"satellite":"N21","year":2024},"geometry":{"type":"Point","coordinates":[29.58767,4.12976]}},
{"type":"Feature","properties":{"fid":417562,"acq_date":"2025-02-03","acq_time":"1155","bright_t31":290.45,"track":0.54,"version":"2.0NRT","confidence":"n","scan":0.61,"type":null,"frp":10.38,"daynight":"D","instrument":"VIIRS","brightness":337.15,"satellite":"N21","year":2025},"geometry":{"type":"Point","coordinates":[29.58761,4.1243]}},
{"type":"Feature","properties":{"fid":205721,"acq_date":"2025-02-01","acq_time":"1244","bright_t31":305.2,"track":1.2,"version":"61.03","confidence":"40","scan":1.5,"type":"0","frp":18.8,"daynight":"D","instrument":"MODIS","brightness":326.4,"satellite":"Aqua","year":2025},"geometry":{"type":"Point","coordinates":[29.5788,4.1209]}},
{"type":"Feature","properties":{"fid":4612,"acq_date":"2021-01-14","acq_time":"2337","bright_t31":290.09,"track":0.38,"version":"2","confidence":"n","scan":0.42,"type":"0","frp":5.13,"daynight":"N","instrument":"VIIRS","brightness":338.36,"satellite":"N20","year":2021},"geometry":{"type":"Point","coordinates":[29.57629,4.12127]}},
{"type":"Feature","properties":{"fid":147303,"acq_date":"2025-02-01","acq_time":"1141","bright_t31":309.79,"track":0.43,"version":"2","confidence":"n","scan":0.57,"type":"0","frp":40.41,"daynight":"D","instrument":"VIIRS","brightness":342.86,"satellite":"N20","year":2025},"geometry":{"type":"Point","coordinates":[29.57718,4.12143]}},
{"type":"Feature","properties":{"fid":185416,"acq_date":"2023-01-14","acq_time":"0801","bright_t31":299.4,"track":1.2,"version":"61.03","confidence":"95","scan":1.4,"type":"0","frp":81.4,"daynight":"D","instrument":"MODIS","brightness":349.2,"satellite":"Terra","year":2023},"geometry":{"type":"Point","coordinates":[29.5811,4.1225]}},
{"type":"Feature","properties":{"fid":4610,"acq_date":"2021-01-14","acq_time":"2337","bright_t31":290.09,"track":0.38,"version":"2","confidence":"n","scan":0.42,"type":"0","frp":5.26,"daynight":"N","instrument":"VIIRS","brightness":337.16,"satellite":"N20","year":2021},"geometry":{"type":"Point","coordinates":[29.57684,4.12471]}},
{"type":"Feature","properties":{"fid":113902,"acq_date":"2024-02-03","acq_time":"1053","bright_t31":296.2,"track":0.54,"version":"2","confidence":"n","scan":0.62,"type":"0","frp":18.05,"daynight":"D","instrument":"VIIRS","brightness":341.4,"satellite":"N20","year":2024},"geometry":{"type":"Point","coordinates":[29.57312,4.12573]}},
{"type":"Feature","properties":{"fid":148068,"acq_date":"2025-02-02","acq_time":"1122","bright_t31":332.24,"track":0.36,"version":"2","confidence":"h","scan":0.38,"type":"0","frp":65.45,"daynight":"D","instrument":"VIIRS","brightness":367.0,"satellite":"N20","year":2025},"geometry":{"type":"Point","coordinates":[29.58058,4.12635]}},
{"type":"Feature","properties":{"fid":4608,"acq_date":"2021-01-14","acq_time":"2337","bright_t31":288.87,"track":0.38,"version":"2","confidence":"n","scan":0.42,"type":"0","frp":0.57,"daynight":"N","instrument":"VIIRS","brightness":305.18,"satellite":"N20","year":2021},"geometry":{"type":"Point","coordinates":[29.57363,4.12874]}},
{"type":"Feature","properties":{"fid":148070,"acq_date":"2025-02-02","acq_time":"1122","bright_t31":313.17,"track":0.36,"version":"2","confidence":"n","scan":0.38,"type":"0","frp":65.45,"daynight":"D","instrument":"VIIRS","brightness":346.96,"satellite":"N20","year":2025},"geometry":{"type":"Point","coordinates":[29.58009,4.12965]}},
{"type":"Feature","properties":{"fid":416994,"acq_date":"2025-02-01","acq_time":"2333","bright_t31":289.36,"track":0.36,"version":"2.0NRT","confidence":"n","scan":0.39,"type":null,"frp":5.49,"daynight":"N","instrument":"VIIRS","brightness":316.05,"satellite":"N21","year":2025},"geometry":{"type":"Point","coordinates":[29.57326,4.1289]}},
{"type":"Feature","properties":{"fid":416995,"acq_date":"2025-02-01","acq_time":"2333","bright_t31":287.79,"track":0.36,"version":"2.0NRT","confidence":"n","scan":0.39,"type":null,"frp":1.15,"daynight":"N","instrument":"VIIRS","brightness":305.87,"satellite":"N21","year":2025},"geometry":{"type":"Point","coordinates":[29.58305,4.12399]}},
{"type":"Feature","properties":{"fid":417131,"acq_date":"2025-02-02","acq_time":"1034","bright_t31":300.45,"track":0.74,"version":"2.0NRT","confidence":"n","scan":0.67,"type":null,"frp":13.71,"daynight":"D","instrument":"VIIRS","brightness":340.29,"satellite":"N21","year":2025},"geometry":{"type":"Point","coordinates":[29.57511,4.12612]}},
{"type":"Feature","properties":{"fid":417388,"acq_date":"2025-02-02","acq_time":"1214","bright_t31":296.1,"track":0.73,"version":"2.0NRT","confidence":"h","scan":0.65,"type":null,"frp":16.88,"daynight":"D","instrument":"VIIRS","brightness":367.0,"satellite":"N21","year":2025},"geometry":{"type":"Point","coordinates":[29.58022,4.12491]}},
{"type":"Feature","properties":{"fid":280200,"acq_date":"2023-01-14","acq_time":"1203","bright_t31":298.79,"track":0.59,"version":"2","confidence":"n","scan":0.39,"type":"0","frp":13.62,"daynight":"D","instrument":"VIIRS","brightness":352.38,"satellite":"N","year":2023},"geometry":{"type":"Point","coordinates":[29.57819,4.12292]}},
{"type":"Feature","properties":{"fid":70710,"acq_date":"2023-01-14","acq_time":"2349","bright_t31":289.16,"track":0.45,"version":"2","confidence":"n","scan":0.41,"type":"0","frp":0.84,"daynight":"N","instrument":"VIIRS","brightness":299.26,"satellite":"N20","year":2023},"geometry":{"type":"Point","coordinates":[29.5802,4.12233]}},
{"type":"Feature","properties":{"fid":357301,"acq_date":"2025-02-02","acq_time":"1100","bright_t31":303.6,"track":0.47,"version":"2","confidence":"n","scan":0.46,"type":"0","frp":11.64,"daynight":"D","instrument":"VIIRS","brightness":339.59,"satellite":"N","year":2025},"geometry":{"type":"Point","coordinates":[29.58075,4.12784]}},
{"type":"Feature","properties":{"fid":70707,"acq_date":"2023-01-14","acq_time":"2349","bright_t31":288.78,"track":0.45,"version":"2","confidence":"n","scan":0.41,"type":"0","frp":0.84,"daynight":"N","instrument":"VIIRS","brightness":312.1,"satellite":"N20","year":2023},"geometry":{"type":"Point","coordinates":[29.58087,4.12641]}},
{"type":"Feature","properties":{"fid":357082,"acq_date":"2025-02-01","acq_time":"2357","bright_t31":287.65,"track":0.5,"version":"2","confidence":"n","scan":0.53,"type":"0","frp":1.31,"daynight":"N","instrument":"VIIRS","brightness":300.72,"satellite":"N","year":2025},"geometry":{"type":"Point","coordinates":[29.58335,4.12325]}},
{"type":"Feature","properties":{"fid":320553,"acq_date":"2024-02-02","acq_time":"2300","bright_t31":287.57,"track":0.51,"version":"2","confidence":"n","scan":0.56,"type":"0","frp":2.08,"daynight":"N","instrument":"VIIRS","brightness":313.16,"satellite":"N","year":2024},"geometry":{"type":"Point","coordinates":[29.58777,4.12866]}},
{"type":"Feature","properties":{"fid":357596,"acq_date":"2025-02-02","acq_time":"2338","bright_t31":288.99,"track":0.38,"version":"2","confidence":"n","scan":0.43,"type":"0","frp":2.26,"daynight":"N","instrument":"VIIRS","brightness":319.89,"satellite":"N","year":2025},"geometry":{"type":"Point","coordinates":[29.58636,4.12898]}},
{"type":"Feature","properties":{"fid":279796,"acq_date":"2023-01-13","acq_time":"2320","bright_t31":287.6,"track":0.38,"version":"2","confidence":"n","scan":0.44,"type":"0","frp":2.01,"daynight":"N","instrument":"VIIRS","brightness":324.66,"satellite":"N","year":2023},"geometry":{"type":"Point","coordinates":[29.57517,4.12784]}},
{"type":"Feature","properties":{"fid":69468,"acq_date":"2023-01-14","acq_time":"0008","bright_t31":285.01,"track":0.62,"version":"2","confidence":"n","scan":0.43,"type":"0","frp":1.71,"daynight":"N","instrument":"VIIRS","brightness":296.09,"satellite":"N20","year":2023},"geometry":{"type":"Point","coordinates":[29.5771,4.12524]}},
{"type":"Feature","properties":{"fid":279797,"acq_date":"2023-01-13","acq_time":"2320","bright_t31":287.09,"track":0.38,"version":"2","confidence":"n","scan":0.44,"type":"0","frp":2.97,"daynight":"N","instrument":"VIIRS","brightness":323.2,"satellite":"N","year":2023},"geometry":{"type":"Point","coordinates":[29.57914,4.12723]}},
{"type":"Feature","properties":{"fid":357081,"acq_date":"2025-02-01","acq_time":"2357","bright_t31":287.5,"track":0.5,"version":"2","confidence":"n","scan":0.53,"type":"0","frp":2.12,"daynight":"N","instrument":"VIIRS","brightness":306.47,"satellite":"N","year":2025},"geometry":{"type":"Point","coordinates":[29.5746,4.12949]}},
{"type":"Feature","properties":{"fid":357302,"acq_date":"2025-02-02","acq_time":"1100","bright_t31":307.02,"track":0.47,"version":"2","confidence":"n","scan":0.46,"type":"0","frp":13.67,"daynight":"D","instrument":"VIIRS","brightness":352.81,"satellite":"N","year":2025},"geometry":{"type":"Point","coordinates":[29.57655,4.12717]}},
{"type":"Feature","properties":{"fid":417555,"acq_date":"2025-02-03","acq_time":"1155","bright_t31":289.46,"track":0.54,"version":"2.0NRT","confidence":"n","scan":0.61,"type":null,"frp":6.26,"daynight":"D","instrument":"VIIRS","brightness":343.44,"satellite":"N21","year":2025},"geometry":{"type":"Point","coordinates":[29.58831,4.1194]}},
{"type":"Feature","properties":{"fid":4615,"acq_date":"2021-01-14","acq_time":"2337","bright_t31":288.94,"track":0.38,"version":"2","confidence":"n","scan":0.42,"type":"0","frp":0.84,"daynight":"N","instrument":"VIIRS","brightness":300.72,"satellite":"N20","year":2021},"geometry":{"type":"Point","coordinates":[29.59077,4.11543]}},
{"type":"Feature","properties":{"fid":205984,"acq_date":"2025-02-03","acq_time":"1225","bright_t31":298.2,"track":1.0,"version":"61.03","confidence":"87","scan":1.0,"type":"0","frp":29.5,"daynight":"D","instrument":"MODIS","brightness":336.9,"satellite":"Aqua","year":2025},"geometry":{"type":"Point","coordinates":[29.5839,4.1176]}},
{"type":"Feature","properties":{"fid":416689,"acq_date":"2025-02-01","acq_time":"1051","bright_t31":304.2,"track":0.54,"version":"2.0NRT","confidence":"n","scan":0.63,"type":null,"frp":15.0,"daynight":"D","instrument":"VIIRS","brightness":350.09,"satellite":"N21","year":2025},"geometry":{"type":"Point","coordinates":[29.57537,4.11494]}},
{"type":"Feature","properties":{"fid":7638,"acq_date":"2021-01-20","acq_time":"2324","bright_t31":283.55,"track":0.36,"version":"2","confidence":"n","scan":0.39,"type":"0","frp":0.45,"daynight":"N","instrument":"VIIRS","brightness":300.82,"satellite":"N20","year":2021},"geometry":{"type":"Point","coordinates":[29.58767,4.10405]}},
{"type":"Feature","properties":{"fid":7632,"acq_date":"2021-01-20","acq_time":"2324","bright_t31":282.7,"track":0.36,"version":"2","confidence":"n","scan":0.39,"type":"0","frp":0.45,"daynight":"N","instrument":"VIIRS","brightness":296.09,"satellite":"N20","year":2021},"geometry":{"type":"Point","coordinates":[29.58818,4.10738]}},
{"type":"Feature","properties":{"fid":357296,"acq_date":"2025-02-02","acq_time":"1100","bright_t31":303.92,"track":0.47,"version":"2","confidence":"n","scan":0.47,"type":"0","frp":4.19,"daynight":"D","instrument":"VIIRS","brightness":339.11,"satellite":"N","year":2025},"geometry":{"type":"Point","coordinates":[29.57582,4.10469]}},
{"type":"Feature","properties":{"fid":69849,"acq_date":"2023-01-14","acq_time":"1111","bright_t31":305.91,"track":0.39,"version":"2","confidence":"n","scan":0.47,"type":"0","frp":7.99,"daynight":"D","instrument":"VIIRS","brightness":337.64,"satellite":"N20","year":2023},"geometry":{"type":"Point","coordinates":[29.58886,4.11963]}},
{"type":"Feature","properties":{"fid":216027,"acq_date":"2021-01-19","acq_time":"2253","bright_t31":287.66,"track":0.57,"version":"2","confidence":"n","scan":0.36,"type":"0","frp":1.17,"daynight":"N","instrument":"VIIRS","brightness":299.02,"satellite":"N","year":2021},"geometry":{"type":"Point","coordinates":[29.58274,4.08932]}},
{"type":"Feature","properties":{"fid":216361,"acq_date":"2021-01-20","acq_time":"1136","bright_t31":297.63,"track":0.39,"version":"2","confidence":"n","scan":0.46,"type":"0","frp":17.14,"daynight":"D","instrument":"VIIRS","brightness":355.79,"satellite":"N","year":2021},"geometry":{"type":"Point","coordinates":[29.57779,4.09009]}},
{"type":"Feature","properties":{"fid":216360,"acq_date":"2021-01-20","acq_time":"1136","bright_t31":291.86,"track":0.39,"version":"2","confidence":"n","scan":0.46,"type":"0","frp":4.88,"daynight":"D","instrument":"VIIRS","brightness":343.14,"satellite":"N","year":2021},"geometry":{"type":"Point","coordinates":[29.58194,4.09071]}},
{"type":"Feature","properties":{"fid":148059,"acq_date":"2025-02-02","acq_time":"1122","bright_t31":307.48,"track":0.36,"version":"2","confidence":"n","scan":0.38,"type":"0","frp":7.13,"daynight":"D","instrument":"VIIRS","brightness":347.36,"satellite":"N20","year":2025},"geometry":{"type":"Point","coordinates":[29.57724,4.10224]}},
{"type":"Feature","properties":{"fid":216035,"acq_date":"2021-01-19","acq_time":"2253","bright_t31":288.81,"track":0.58,"version":"2","confidence":"n","scan":0.36,"type":"0","frp":1.13,"daynight":"N","instrument":"VIIRS","brightness":311.44,"satellite":"N","year":2021},"geometry":{"type":"Point","coordinates":[29.57536,4.08497]}},
{"type":"Feature","properties":{"fid":216028,"acq_date":"2021-01-19","acq_time":"2253","bright_t31":288.07,"track":0.57,"version":"2","confidence":"n","scan":0.36,"type":"0","frp":1.17,"daynight":"N","instrument":"VIIRS","brightness":317.88,"satellite":"N","year":2021},"geometry":{"type":"Point","coordinates":[29.58608,4.08882]}},
{"type":"Feature","properties":{"fid":216029,"acq_date":"2021-01-19","acq_time":"2253","bright_t31":288.2,"track":0.57,"version":"2","confidence":"n","scan":0.36,"type":"0","frp":1.04,"daynight":"N","instrument":"VIIRS","brightness":303.89,"satellite":"N","year":2021},"geometry":{"type":"Point","coordinates":[29.58941,4.08832]}},
{"type":"Feature","properties":{"fid":216351,"acq_date":"2021-01-20","acq_time":"1136","bright_t31":294.97,"track":0.39,"version":"2","confidence":"n","scan":0.46,"type":"0","frp":10.09,"daynight":"D","instrument":"VIIRS","brightness":350.08,"satellite":"N","year":2021},"geometry":{"type":"Point","coordinates":[29.58245,4.08709]}},
{"type":"Feature","properties":{"fid":216021,"acq_date":"2021-01-19","acq_time":"2253","bright_t31":286.87,"track":0.57,"version":"2","confidence":"n","scan":0.36,"type":"0","frp":0.4,"daynight":"N","instrument":"VIIRS","brightness":300.5,"satellite":"N","year":2021},"geometry":{"type":"Point","coordinates":[29.59022,4.09191]}},
{"type":"Feature","properties":{"fid":70764,"acq_date":"2023-01-14","acq_time":"2349","bright_t31":289.47,"track":0.45,"version":"2","confidence":"n","scan":0.41,"type":"0","frp":3.02,"daynight":"N","instrument":"VIIRS","brightness":320.08,"satellite":"N20","year":2023},"geometry":{"type":"Point","coordinates":[29.57857,4.08909]}},
{"type":"Feature","properties":{"fid":71385,"acq_date":"2023-01-15","acq_time":"1052","bright_t31":299.08,"track":0.54,"version":"2","confidence":"n","scan":0.62,"type":"0","frp":3.16,"daynight":"D","instrument":"VIIRS","brightness":334.12,"satellite":"N20","year":2023},"geometry":{"type":"Point","coordinates":[29.57906,4.09135]}},
{"type":"Feature","properties":{"fid":7279,"acq_date":"2021-01-20","acq_time":"1046","bright_t31":298.79,"track":0.6,"version":"2","confidence":"h","scan":0.4,"type":"0","frp":19.74,"daynight":"D","instrument":"VIIRS","brightness":367.0,"satellite":"N20","year":2021},"geometry":{"type":"Point","coordinates":[29.58071,4.08781]}},
{"type":"Feature","properties":{"fid":70765,"acq_date":"2023-01-14","acq_time":"2349","bright_t31":290.92,"track":0.45,"version":"2","confidence":"n","scan":0.41,"type":"0","frp":4.62,"daynight":"N","instrument":"VIIRS","brightness":338.01,"satellite":"N20","year":2023},"geometry":{"type":"Point","coordinates":[29.58218,4.0885]}},
{"type":"Feature","properties":{"fid":279903,"acq_date":"2023-01-13","acq_time":"2320","bright_t31":286.6,"track":0.38,"version":"2","confidence":"n","scan":0.44,"type":"0","frp":0.89,"daynight":"N","instrument":"VIIRS","brightness":296.93,"satellite":"N","year":2023},"geometry":{"type":"Point","coordinates":[29.58245,4.08764]}},
{"type":"Feature","properties":{"fid":280476,"acq_date":"2023-01-14","acq_time":"2301","bright_t31":289.36,"track":0.52,"version":"2","confidence":"n","scan":0.56,"type":"0","frp":0.92,"daynight":"N","instrument":"VIIRS","brightness":304.67,"satellite":"N","year":2023},"geometry":{"type":"Point","coordinates":[29.5827,4.08589]}},
{"type":"Feature","properties":{"fid":69512,"acq_date":"2023-01-14","acq_time":"0008","bright_t31":285.43,"track":0.62,"version":"2","confidence":"n","scan":0.43,"type":"0","frp":1.67,"daynight":"N","instrument":"VIIRS","brightness":313.56,"satellite":"N20","year":2023},"geometry":{"type":"Point","coordinates":[29.58286,4.08944]}},
{"type":"Feature","properties":{"fid":69542,"acq_date":"2023-01-14","acq_time":"0008","bright_t31":284.94,"track":0.62,"version":"2","confidence":"n","scan":0.43,"type":"0","frp":0.96,"daynight":"N","instrument":"VIIRS","brightness":308.68,"satellite":"N20","year":2023},"geometry":{"type":"Point","coordinates":[29.58325,4.09193]}},
{"type":"Feature","properties":{"fid":7284,"acq_date":"2021-01-20","acq_time":"1046","bright_t31":295.02,"track":0.6,"version":"2","confidence":"n","scan":0.4,"type":"0","frp":6.11,"daynight":"D","instrument":"VIIRS","brightness":349.56,"satellite":"N20","year":2021},"geometry":{"type":"Point","coordinates":[29.58427,4.08841]}},
{"type":"Feature","properties":{"fid":7034,"acq_date":"2021-01-19","acq_time":"2343","bright_t31":289.57,"track":0.41,"version":"2","confidence":"n","scan":0.5,"type":"0","frp":3.19,"daynight":"N","instrument":"VIIRS","brightness":327.48,"satellite":"N20","year":2021},"geometry":{"type":"Point","coordinates":[29.58486,4.08972]}},
{"type":"Feature","properties":{"fid":279904,"acq_date":"2023-01-13","acq_time":"2320","bright_t31":286.71,"track":0.38,"version":"2","confidence":"n","scan":0.44,"type":"0","frp":0.89,"daynight":"N","instrument":"VIIRS","brightness":304.17,"satellite":"N","year":2023},"geometry":{"type":"Point","coordinates":[29.58642,4.08702]}},
{"type":"Feature","properties":{"fid":69543,"acq_date":"2023-01-14","acq_time":"0008","bright_t31":285.32,"track":0.62,"version":"2","confidence":"n","scan":0.43,"type":"0","frp":0.96,"daynight":"N","instrument":"VIIRS","brightness":297.14,"satellite":"N20","year":2023},"geometry":{"type":"Point","coordinates":[29.58704,4.0913]}},
{"type":"Feature","properties":{"fid":7035,"acq_date":"2021-01-19","acq_time":"2343","bright_t31":289.54,"track":0.41,"version":"2","confidence":"n","scan":0.5,"type":"0","frp":3.19,"daynight":"N","instrument":"VIIRS","brightness":318.91,"satellite":"N20","year":2021},"geometry":{"type":"Point","coordinates":[29.58928,4.08901]}},
{"type":"Feature","properties":{"fid":69762,"acq_date":"2023-01-14","acq_time":"1111","bright_t31":304.53,"track":0.39,"version":"2","confidence":"n","scan":0.47,"type":"0","frp":7.28,"daynight":"D","instrument":"VIIRS","brightness":334.64,"satellite":"N20","year":2023},"geometry":{"type":"Point","coordinates":[29.58975,4.08652]}},
{"type":"Feature","properties":{"fid":7285,"acq_date":"2021-01-20","acq_time":"1046","bright_t31":303.71,"track":0.6,"version":"2","confidence":"n","scan":0.4,"type":"0","frp":19.74,"daynight":"D","instrument":"VIIRS","brightness":353.32,"satellite":"N20","year":2021},"geometry":{"type":"Point","coordinates":[29.57714,4.08721]}},
{"type":"Feature","properties":{"fid":7037,"acq_date":"2021-01-19","acq_time":"2343","bright_t31":287.64,"track":0.41,"version":"2","confidence":"n","scan":0.5,"type":"0","frp":0.78,"daynight":"N","instrument":"VIIRS","brightness":300.14,"satellite":"N20","year":2021},"geometry":{"type":"Point","coordinates":[29.57544,4.08743]}},
{"type":"Feature","properties":{"fid":7641,"acq_date":"2021-01-20","acq_time":"2324","bright_t31":283.35,"track":0.36,"version":"2","confidence":"n","scan":0.39,"type":"0","frp":1.0,"daynight":"N","instrument":"VIIRS","brightness":312.05,"satellite":"N20","year":2021},"geometry":{"type":"Point","coordinates":[29.59066,4.10017]}},
{"type":"Feature","properties":{"fid":70760,"acq_date":"2023-01-14","acq_time":"2349","bright_t31":289.79,"track":0.45,"version":"2","confidence":"n","scan":0.41,"type":"0","frp":3.02,"daynight":"N","instrument":"VIIRS","brightness":327.84,"satellite":"N20","year":2023},"geometry":{"type":"Point","coordinates":[29.57564,4.09377]}},
{"type":"Feature","properties":{"fid":280183,"acq_date":"2023-01-14","acq_time":"1203","bright_t31":291.34,"track":0.59,"version":"2","confidence":"n","scan":0.39,"type":"0","frp":10.07,"daynight":"D","instrument":"VIIRS","brightness":352.29,"satellite":"N","year":2023},"geometry":{"type":"Point","coordinates":[29.57569,4.08884]}},
{"type":"Feature","properties":{"fid":280469,"acq_date":"2023-01-14","acq_time":"2301","bright_t31":289.84,"track":0.52,"version":"2","confidence":"n","scan":0.56,"type":"0","frp":2.18,"daynight":"N","instrument":"VIIRS","brightness":325.63,"satellite":"N","year":2023},"geometry":{"type":"Point","coordinates":[29.57299,4.09217]}},
{"type":"Feature","properties":{"fid":280472,"acq_date":"2023-01-14","acq_time":"2301","bright_t31":288.94,"track":0.52,"version":"2","confidence":"n","scan":0.56,"type":"0","frp":2.18,"daynight":"N","instrument":"VIIRS","brightness":308.2,"satellite":"N","year":2023},"geometry":{"type":"Point","coordinates":[29.57816,4.09142]}},
{"type":"Feature","properties":{"fid":280475,"acq_date":"2023-01-14","acq_time":"2301","bright_t31":289.6,"track":0.52,"version":"2","confidence":"n","scan":0.56,"type":"0","frp":2.18,"daynight":"N","instrument":"VIIRS","brightness":302.47,"satellite":"N","year":2023},"geometry":{"type":"Point","coordinates":[29.5775,4.08664]}},
{"type":"Feature","properties":{"fid":106885,"acq_date":"2024-01-27","acq_time":"0021","bright_t31":285.94,"track":0.75,"version":"2","confidence":"n","scan":0.72,"type":"0","frp":1.85,"daynight":"N","instrument":"VIIRS","brightness":303.15,"satellite":"N20","year":2024},"geometry":{"type":"Point","coordinates":[29.57272,4.07537]}},
{"type":"Feature","properties":{"fid":185365,"acq_date":"2023-01-13","acq_time":"1943","bright_t31":289.4,"track":1.5,"version":"61.03","confidence":"43","scan":2.5,"type":"0","frp":25.0,"daynight":"N","instrument":"MODIS","brightness":304.2,"satellite":"Terra","year":2023},"geometry":{"type":"Point","coordinates":[29.5754,4.0709]}},
{"type":"Feature","properties":{"fid":215326,"acq_date":"2021-01-18","acq_time":"2312","bright_t31":290.47,"track":0.42,"version":"2","confidence":"n","scan":0.53,"type":"0","frp":2.55,"daynight":"N","instrument":"VIIRS","brightness":310.02,"satellite":"N","year":2021},"geometry":{"type":"Point","coordinates":[29.57555,4.07323]}},
{"type":"Feature","properties":{"fid":185429,"acq_date":"2023-01-14","acq_time":"0801","bright_t31":300.1,"track":1.2,"version":"61.03","confidence":"34","scan":1.4,"type":"0","frp":19.2,"daynight":"D","instrument":"MODIS","brightness":323.9,"satellite":"Terra","year":2023},"geometry":{"type":"Point","coordinates":[29.5756,4.0814]}},
{"type":"Feature","properties":{"fid":167610,"acq_date":"2021-01-19","acq_time":"0900","bright_t31":299.2,"track":1.5,"version":"6.03","confidence":"38","scan":2.3,"type":"0","frp":30.8,"daynight":"D","instrument":"MODIS","brightness":320.7,"satellite":"Terra","year":2021},"geometry":{"type":"Point","coordinates":[29.5759,4.0819]}},
{"type":"Feature","properties":{"fid":195322,"acq_date":"2024-01-26","acq_time":"1224","bright_t31":301.7,"track":1.4,"version":"61.03","confidence":"51","scan":2.1,"type":"0","frp":18.2,"daynight":"D","instrument":"MODIS","brightness":318.4,"satellite":"Aqua","year":2024},"geometry":{"type":"Point","coordinates":[29.5759,4.0719]}},
{"type":"Feature","properties":{"fid":215319,"acq_date":"2021-01-18","acq_time":"2312","bright_t31":290.06,"track":0.42,"version":"2","confidence":"n","scan":0.53,"type":"0","frp":3.71,"daynight":"N","instrument":"VIIRS","brightness":327.1,"satellite":"N","year":2021},"geometry":{"type":"Point","coordinates":[29.57607,4.0771]}},
{"type":"Feature","properties":{"fid":204187,"acq_date":"2025-01-21","acq_time":"1946","bright_t31":291.5,"track":1.2,"version":"61.03","confidence":"67","scan":1.4,"type":"0","frp":12.1,"daynight":"N","instrument":"MODIS","brightness":306.2,"satellite":"Terra","year":2025},"geometry":{"type":"Point","coordinates":[29.5762,4.0717]}},
{"type":"Feature","properties":{"fid":142125,"acq_date":"2025-01-21","acq_time":"2245","bright_t31":289.88,"track":0.64,"version":"2","confidence":"n","scan":0.46,"type":"0","frp":1.77,"daynight":"N","instrument":"VIIRS","brightness":301.49,"satellite":"N20","year":2025},"geometry":{"type":"Point","coordinates":[29.57671,4.07359]}},
{"type":"Feature","properties":{"fid":379070,"acq_date":"2024-01-26","acq_time":"1206","bright_t31":297.78,"track":0.67,"version":"2.0NRT","confidence":"n","scan":0.52,"type":null,"frp":8.74,"daynight":"D","instrument":"VIIRS","brightness":333.87,"satellite":"N21","year":2024},"geometry":{"type":"Point","coordinates":[29.57728,4.07412]}},
{"type":"Feature","properties":{"fid":379251,"acq_date":"2024-01-26","acq_time":"2305","bright_t31":286.02,"track":0.46,"version":"2.0NRT","confidence":"n","scan":0.44,"type":null,"frp":2.03,"daynight":"N","instrument":"VIIRS","brightness":308.75,"satellite":"N21","year":2024},"geometry":{"type":"Point","coordinates":[29.57693,4.07693]}},
{"type":"Feature","properties":{"fid":379252,"acq_date":"2024-01-26","acq_time":"2305","bright_t31":286.42,"track":0.46,"version":"2.0NRT","confidence":"n","scan":0.44,"type":null,"frp":2.03,"daynight":"N","instrument":"VIIRS","brightness":303.85,"satellite":"N21","year":2024},"geometry":{"type":"Point","coordinates":[29.57642,4.07269]}},
{"type":"Feature","properties":{"fid":379256,"acq_date":"2024-01-26","acq_time":"2305","bright_t31":286.28,"track":0.46,"version":"2.0NRT","confidence":"n","scan":0.44,"type":null,"frp":1.92,"daynight":"N","instrument":"VIIRS","brightness":308.21,"satellite":"N21","year":2024},"geometry":{"type":"Point","coordinates":[29.57672,4.07675]}},
{"type":"Feature","properties":{"fid":379257,"acq_date":"2024-01-26","acq_time":"2305","bright_t31":286.14,"track":0.46,"version":"2.0NRT","confidence":"n","scan":0.44,"type":null,"frp":1.2,"daynight":"N","instrument":"VIIRS","brightness":306.05,"satellite":"N21","year":2024},"geometry":{"type":"Point","coordinates":[29.57622,4.07251]}},
{"type":"Feature","properties":{"fid":106261,"acq_date":"2024-01-26","acq_time":"1143","bright_t31":302.82,"track":0.43,"version":"2","confidence":"n","scan":0.57,"type":"0","frp":4.06,"daynight":"D","instrument":"VIIRS","brightness":340.5,"satellite":"N20","year":2024},"geometry":{"type":"Point","coordinates":[29.58074,4.07346]}},
{"type":"Feature","properties":{"fid":167607,"acq_date":"2021-01-19","acq_time":"0900","bright_t31":299.9,"track":1.5,"version":"6.03","confidence":"64","scan":2.3,"type":"0","frp":53.1,"daynight":"D","instrument":"MODIS","brightness":327.3,"satellite":"Terra","year":2021},"geometry":{"type":"Point","coordinates":[29.5809,4.0788]}},
{"type":"Feature","properties":{"fid":142116,"acq_date":"2025-01-21","acq_time":"2245","bright_t31":290.48,"track":0.64,"version":"2","confidence":"n","scan":0.46,"type":"0","frp":5.15,"daynight":"N","instrument":"VIIRS","brightness":317.47,"satellite":"N20","year":2025},"geometry":{"type":"Point","coordinates":[29.58099,4.07805]}},
{"type":"Feature","properties":{"fid":215317,"acq_date":"2021-01-18","acq_time":"2312","bright_t31":289.36,"track":0.42,"version":"2","confidence":"n","scan":0.53,"type":"0","frp":3.71,"daynight":"N","instrument":"VIIRS","brightness":322.9,"satellite":"N","year":2021},"geometry":{"type":"Point","coordinates":[29.58142,4.08022]}},
{"type":"Feature","properties":{"fid":142123,"acq_date":"2025-01-21","acq_time":"2245","bright_t31":290.55,"track":0.64,"version":"2","confidence":"n","scan":0.46,"type":"0","frp":4.79,"daynight":"N","instrument":"VIIRS","brightness":319.36,"satellite":"N20","year":2025},"geometry":{"type":"Point","coordinates":[29.58158,4.07885]}},
{"type":"Feature","properties":{"fid":167578,"acq_date":"2021-01-18","acq_time":"2335","bright_t31":290.5,"track":1.0,"version":"6.03","confidence":"37","scan":1.0,"type":"0","frp":8.2,"daynight":"N","instrument":"MODIS","brightness":307.6,"satellite":"Aqua","year":2021},"geometry":{"type":"Point","coordinates":[29.5841,4.0776]}},
{"type":"Feature","properties":{"fid":106886,"acq_date":"2024-01-27","acq_time":"0021","bright_t31":284.59,"track":0.75,"version":"2","confidence":"n","scan":0.72,"type":"0","frp":2.39,"daynight":"N","instrument":"VIIRS","brightness":297.97,"satellite":"N20","year":2024},"geometry":{"type":"Point","coordinates":[29.58434,4.0733]}},
{"type":"Feature","properties":{"fid":142119,"acq_date":"2025-01-21","acq_time":"2245","bright_t31":290.35,"track":0.64,"version":"2","confidence":"n","scan":0.46,"type":"0","frp":1.75,"daynight":"N","instrument":"VIIRS","brightness":300.87,"satellite":"N20","year":2025},"geometry":{"type":"Point","coordinates":[29.58479,4.07154]}},
{"type":"Feature","properties":{"fid":142115,"acq_date":"2025-01-21","acq_time":"2245","bright_t31":291.34,"track":0.64,"version":"2","confidence":"n","scan":0.46,"type":"0","frp":3.56,"daynight":"N","instrument":"VIIRS","brightness":333.08,"satellite":"N20","year":2025},"geometry":{"type":"Point","coordinates":[29.58521,4.07746]}},
{"type":"Feature","properties":{"fid":142126,"acq_date":"2025-01-21","acq_time":"2245","bright_t31":290.09,"track":0.64,"version":"2","confidence":"n","scan":0.46,"type":"0","frp":2.15,"daynight":"N","instrument":"VIIRS","brightness":300.53,"satellite":"N20","year":2025},"geometry":{"type":"Point","coordinates":[29.58539,4.07231]}},
{"type":"Feature","properties":{"fid":215320,"acq_date":"2021-01-18","acq_time":"2312","bright_t31":289.32,"track":0.42,"version":"2","confidence":"n","scan":0.53,"type":"0","frp":1.89,"daynight":"N","instrument":"VIIRS","brightness":312.37,"satellite":"N","year":2021},"geometry":{"type":"Point","coordinates":[29.58572,4.07561]}},
{"type":"Feature","properties":{"fid":142122,"acq_date":"2025-01-21","acq_time":"2245","bright_t31":291.34,"track":0.64,"version":"2","confidence":"n","scan":0.46,"type":"0","frp":3.31,"daynight":"N","instrument":"VIIRS","brightness":331.66,"satellite":"N20","year":2025},"geometry":{"type":"Point","coordinates":[29.58578,4.07823]}},
{"type":"Feature","properties":{"fid":215318,"acq_date":"2021-01-18","acq_time":"2312","bright_t31":288.29,"track":0.42,"version":"2","confidence":"n","scan":0.53,"type":"0","frp":1.89,"daynight":"N","instrument":"VIIRS","brightness":315.65,"satellite":"N","year":2021},"geometry":{"type":"Point","coordinates":[29.58619,4.07948]}},
{"type":"Feature","properties":{"fid":107576,"acq_date":"2024-01-27","acq_time":"1124","bright_t31":302.31,"track":0.36,"version":"2","confidence":"l","scan":0.38,"type":"0","frp":3.84,"daynight":"D","instrument":"VIIRS","brightness":330.06,"satellite":"N20","year":2024},"geometry":{"type":"Point","coordinates":[29.58823,4.0804]}},
{"type":"Feature","properties":{"fid":204188,"acq_date":"2025-01-21","acq_time":"1946","bright_t31":290.3,"track":1.2,"version":"61.03","confidence":"90","scan":1.4,"type":"0","frp":21.9,"daynight":"N","instrument":"MODIS","brightness":314.6,"satellite":"Terra","year":2025},"geometry":{"type":"Point","coordinates":[29.5883,4.0733]}},
{"type":"Feature","properties":{"fid":107570,"acq_date":"2024-01-27","acq_time":"1124","bright_t31":306.35,"track":0.36,"version":"2","confidence":"n","scan":0.38,"type":"0","frp":3.84,"daynight":"D","instrument":"VIIRS","brightness":350.07,"satellite":"N20","year":2024},"geometry":{"type":"Point","coordinates":[29.58873,4.07709]}},
{"type":"Feature","properties":{"fid":142117,"acq_date":"2025-01-21","acq_time":"2245","bright_t31":290.65,"track":0.64,"version":"2","confidence":"n","scan":0.46,"type":"0","frp":3.56,"daynight":"N","instrument":"VIIRS","brightness":307.85,"satellite":"N20","year":2025},"geometry":{"type":"Point","coordinates":[29.58929,4.07688]}},
{"type":"Feature","properties":{"fid":142124,"acq_date":"2025-01-21","acq_time":"2245","bright_t31":290.55,"track":0.64,"version":"2","confidence":"n","scan":0.46,"type":"0","frp":3.31,"daynight":"N","instrument":"VIIRS","brightness":307.77,"satellite":"N20","year":2025},"geometry":{"type":"Point","coordinates":[29.58986,4.07763]}},
{"type":"Feature","properties":{"fid":108208,"acq_date":"2024-01-28","acq_time":"0002","bright_t31":270.73,"track":0.56,"version":"2","confidence":"n","scan":0.34,"type":"0","frp":1.34,"daynight":"N","instrument":"VIIRS","brightness":307.36,"satellite":"N20","year":2024},"geometry":{"type":"Point","coordinates":[29.59021,4.08004]}},
{"type":"Feature","properties":{"fid":215321,"acq_date":"2021-01-18","acq_time":"2312","bright_t31":289.18,"track":0.42,"version":"2","confidence":"n","scan":0.53,"type":"0","frp":1.89,"daynight":"N","instrument":"VIIRS","brightness":314.04,"satellite":"N","year":2021},"geometry":{"type":"Point","coordinates":[29.5904,4.07489]}},
{"type":"Feature","properties":{"fid":215322,"acq_date":"2021-01-18","acq_time":"2312","bright_t31":291.22,"track":0.42,"version":"2","confidence":"n","scan":0.53,"type":"0","frp":2.55,"daynight":"N","instrument":"VIIRS","brightness":325.85,"satellite":"N","year":2021},"geometry":{"type":"Point","coordinates":[29.58049,4.07247]}},
{"type":"Feature","properties":{"fid":215323,"acq_date":"2021-01-18","acq_time":"2312","bright_t31":291.74,"track":0.42,"version":"2","confidence":"n","scan":0.53,"type":"0","frp":3.87,"daynight":"N","instrument":"VIIRS","brightness":334.16,"satellite":"N","year":2021},"geometry":{"type":"Point","coordinates":[29.58989,4.07103]}},
{"type":"Feature","properties":{"fid":215663,"acq_date":"2021-01-19","acq_time":"1155","bright_t31":293.66,"track":0.53,"version":"2","confidence":"n","scan":0.61,"type":"0","frp":6.17,"daynight":"D","instrument":"VIIRS","brightness":344.2,"satellite":"N","year":2021},"geometry":{"type":"Point","coordinates":[29.58716,4.08285]}},
{"type":"Feature","properties":{"fid":215664,"acq_date":"2021-01-19","acq_time":"1155","bright_t31":293.06,"track":0.53,"version":"2","confidence":"n","scan":0.61,"type":"0","frp":6.17,"daynight":"D","instrument":"VIIRS","brightness":330.96,"satellite":"N","year":2021},"geometry":{"type":"Point","coordinates":[29.58161,4.08203]}},
{"type":"Feature","properties":{"fid":215678,"acq_date":"2021-01-19","acq_time":"1155","bright_t31":293.39,"track":0.53,"version":"2","confidence":"n","scan":0.61,"type":"0","frp":8.91,"daynight":"D","instrument":"VIIRS","brightness":339.96,"satellite":"N","year":2021},"geometry":{"type":"Point","coordinates":[29.586,4.0841]}},
{"type":"Feature","properties":{"fid":379069,"acq_date":"2024-01-26","acq_time":"1206","bright_t31":297.87,"track":0.67,"version":"2.0NRT","confidence":"n","scan":0.52,"type":null,"frp":10.58,"daynight":"D","instrument":"VIIRS","brightness":333.98,"satellite":"N21","year":2024},"geometry":{"type":"Point","coordinates":[29.58173,4.07476]}},
{"type":"Feature","properties":{"fid":379249,"acq_date":"2024-01-26","acq_time":"2305","bright_t31":286.48,"track":0.46,"version":"2.0NRT","confidence":"n","scan":0.44,"type":null,"frp":3.77,"daynight":"N","instrument":"VIIRS","brightness":322.69,"satellite":"N21","year":2024},"geometry":{"type":"Point","coordinates":[29.58099,4.07634]}},
{"type":"Feature","properties":{"fid":379250,"acq_date":"2024-01-26","acq_time":"2305","bright_t31":285.55,"track":0.46,"version":"2.0NRT","confidence":"n","scan":0.44,"type":null,"frp":3.77,"daynight":"N","instrument":"VIIRS","brightness":324.9,"satellite":"N21","year":2024},"geometry":{"type":"Point","coordinates":[29.58492,4.07577]}},
{"type":"Feature","properties":{"fid":379253,"acq_date":"2024-01-26","acq_time":"2305","bright_t31":284.58,"track":0.46,"version":"2.0NRT","confidence":"n","scan":0.44,"type":null,"frp":1.59,"daynight":"N","instrument":"VIIRS","brightness":304.23,"satellite":"N21","year":2024},"geometry":{"type":"Point","coordinates":[29.58831,4.07096]}},
{"type":"Feature","properties":{"fid":379254,"acq_date":"2024-01-26","acq_time":"2305","bright_t31":286.52,"track":0.46,"version":"2.0NRT","confidence":"n","scan":0.44,"type":null,"frp":3.35,"daynight":"N","instrument":"VIIRS","brightness":321.75,"satellite":"N21","year":2024},"geometry":{"type":"Point","coordinates":[29.58078,4.07613]}},
{"type":"Feature","properties":{"fid":379255,"acq_date":"2024-01-26","acq_time":"2305","bright_t31":286.04,"track":0.46,"version":"2.0NRT","confidence":"n","scan":0.44,"type":null,"frp":3.35,"daynight":"N","instrument":"VIIRS","brightness":325.97,"satellite":"N21","year":2024},"geometry":{"type":"Point","coordinates":[29.5847,4.07553]}},
{"type":"Feature","properties":{"fid":379258,"acq_date":"2024-01-26","acq_time":"2305","bright_t31":284.7,"track":0.46,"version":"2.0NRT","confidence":"n","scan":0.44,"type":null,"frp":2.1,"daynight":"N","instrument":"VIIRS","brightness":304.3,"satellite":"N21","year":2024},"geometry":{"type":"Point","coordinates":[29.58809,4.07069]}},
{"type":"Feature","properties":{"fid":411563,"acq_date":"2025-01-21","acq_time":"2337","bright_t31":292.78,"track":0.38,"version":"2.0NRT","confidence":"n","scan":0.42,"type":null,"frp":4.26,"daynight":"N","instrument":"VIIRS","brightness":328.93,"satellite":"N21","year":2025},"geometry":{"type":"Point","coordinates":[29.58184,4.07373]}},
{"type":"Feature","properties":{"fid":411564,"acq_date":"2025-01-21","acq_time":"2337","bright_t31":292.21,"track":0.38,"version":"2.0NRT","confidence":"n","scan":0.42,"type":null,"frp":3.01,"daynight":"N","instrument":"VIIRS","brightness":313.6,"satellite":"N21","year":2025},"geometry":{"type":"Point","coordinates":[29.58243,4.07715]}},
{"type":"Feature","properties":{"fid":411565,"acq_date":"2025-01-21","acq_time":"2337","bright_t31":293.03,"track":0.38,"version":"2.0NRT","confidence":"n","scan":0.42,"type":null,"frp":3.76,"daynight":"N","instrument":"VIIRS","brightness":325.57,"satellite":"N21","year":2025},"geometry":{"type":"Point","coordinates":[29.58993,4.07595]}},
{"type":"Feature","properties":{"fid":411566,"acq_date":"2025-01-21","acq_time":"2337","bright_t31":293.42,"track":0.38,"version":"2.0NRT","confidence":"n","scan":0.42,"type":null,"frp":3.01,"daynight":"N","instrument":"VIIRS","brightness":331.37,"satellite":"N21","year":2025},"geometry":{"type":"Point","coordinates":[29.58617,4.07655]}},
{"type":"Feature","properties":{"fid":411568,"acq_date":"2025-01-21","acq_time":"2337","bright_t31":293.9,"track":0.38,"version":"2.0NRT","confidence":"n","scan":0.42,"type":null,"frp":3.76,"daynight":"N","instrument":"VIIRS","brightness":333.77,"satellite":"N21","year":2025},"geometry":{"type":"Point","coordinates":[29.5905,4.07937]}},
{"type":"Feature","properties":{"fid":69734,"acq_date":"2023-01-14","acq_time":"1111","bright_t31":306.79,"track":0.39,"version":"2","confidence":"n","scan":0.47,"type":"0","frp":17.46,"daynight":"D","instrument":"VIIRS","brightness":342.55,"satellite":"N20","year":2023},"geometry":{"type":"Point","coordinates":[29.57547,4.06948]}},
{"type":"Feature","properties":{"fid":106259,"acq_date":"2024-01-26","acq_time":"1143","bright_t31":304.2,"track":0.43,"version":"2","confidence":"n","scan":0.57,"type":"0","frp":5.71,"daynight":"D","instrument":"VIIRS","brightness":334.75,"satellite":"N20","year":2024},"geometry":{"type":"Point","coordinates":[29.57635,4.06878]}},
{"type":"Feature","properties":{"fid":214968,"acq_date":"2021-01-18","acq_time":"1033","bright_t31":292.64,"track":0.73,"version":"2","confidence":"h","scan":0.65,"type":"0","frp":44.94,"daynight":"D","instrument":"VIIRS","brightness":367.0,"satellite":"N","year":2021},"geometry":{"type":"Point","coordinates":[29.57685,4.06696]}},
{"type":"Feature","properties":{"fid":69534,"acq_date":"2023-01-14","acq_time":"0008","bright_t31":288.17,"track":0.62,"version":"2","confidence":"n","scan":0.43,"type":"0","frp":2.0,"daynight":"N","instrument":"VIIRS","brightness":305.14,"satellite":"N20","year":2023},"geometry":{"type":"Point","coordinates":[29.57836,4.06701]}},
{"type":"Feature","properties":{"fid":69560,"acq_date":"2023-01-14","acq_time":"0008","bright_t31":288.66,"track":0.62,"version":"2","confidence":"n","scan":0.43,"type":"0","frp":2.72,"daynight":"N","instrument":"VIIRS","brightness":303.32,"satellite":"N20","year":2023},"geometry":{"type":"Point","coordinates":[29.57841,4.06954]}},
{"type":"Feature","properties":{"fid":69530,"acq_date":"2023-01-14","acq_time":"0008","bright_t31":288.2,"track":0.62,"version":"2","confidence":"n","scan":0.43,"type":"0","frp":2.0,"daynight":"N","instrument":"VIIRS","brightness":311.21,"satellite":"N20","year":2023},"geometry":{"type":"Point","coordinates":[29.57902,4.07269]}},
{"type":"Feature","properties":{"fid":5959,"acq_date":"2021-01-18","acq_time":"1124","bright_t31":304.71,"track":0.36,"version":"2","confidence":"n","scan":0.38,"type":"0","frp":4.71,"daynight":"D","instrument":"VIIRS","brightness":335.14,"satellite":"N20","year":2021},"geometry":{"type":"Point","coordinates":[29.5792,4.07075]}},
{"type":"Feature","properties":{"fid":5949,"acq_date":"2021-01-18","acq_time":"1124","bright_t31":303.4,"track":0.36,"version":"2","confidence":"n","scan":0.38,"type":"0","frp":5.98,"daynight":"D","instrument":"VIIRS","brightness":336.84,"satellite":"N20","year":2021},"geometry":{"type":"Point","coordinates":[29.5797,4.06744]}},
{"type":"Feature","properties":{"fid":106258,"acq_date":"2024-01-26","acq_time":"1143","bright_t31":304.65,"track":0.43,"version":"2","confidence":"n","scan":0.57,"type":"0","frp":5.71,"daynight":"D","instrument":"VIIRS","brightness":345.92,"satellite":"N20","year":2024},"geometry":{"type":"Point","coordinates":[29.58128,4.0695]}},
{"type":"Feature","properties":{"fid":69561,"acq_date":"2023-01-14","acq_time":"0008","bright_t31":288.95,"track":0.62,"version":"2","confidence":"n","scan":0.43,"type":"0","frp":2.72,"daynight":"N","instrument":"VIIRS","brightness":307.98,"satellite":"N20","year":2023},"geometry":{"type":"Point","coordinates":[29.58223,4.06889]}},
{"type":"Feature","properties":{"fid":5958,"acq_date":"2021-01-18","acq_time":"1124","bright_t31":306.22,"track":0.36,"version":"2","confidence":"n","scan":0.38,"type":"0","frp":5.77,"daynight":"D","instrument":"VIIRS","brightness":346.93,"satellite":"N20","year":2021},"geometry":{"type":"Point","coordinates":[29.58264,4.07127]}},
{"type":"Feature","properties":{"fid":69531,"acq_date":"2023-01-14","acq_time":"0008","bright_t31":288.42,"track":0.62,"version":"2","confidence":"n","scan":0.43,"type":"0","frp":2.0,"daynight":"N","instrument":"VIIRS","brightness":317.54,"satellite":"N20","year":2023},"geometry":{"type":"Point","coordinates":[29.58278,4.07203]}},
{"type":"Feature","properties":{"fid":214970,"acq_date":"2021-01-18","acq_time":"1033","bright_t31":288.53,"track":0.73,"version":"2","confidence":"n","scan":0.65,"type":"0","frp":19.91,"daynight":"D","instrument":"VIIRS","brightness":339.05,"satellite":"N","year":2021},"geometry":{"type":"Point","coordinates":[29.58312,4.06804]}},
{"type":"Feature","properties":{"fid":5948,"acq_date":"2021-01-18","acq_time":"1124","bright_t31":305.11,"track":0.36,"version":"2","confidence":"n","scan":0.38,"type":"0","frp":5.92,"daynight":"D","instrument":"VIIRS","brightness":345.4,"satellite":"N20","year":2021},"geometry":{"type":"Point","coordinates":[29.58313,4.06797]}},
{"type":"Feature","properties":{"fid":279927,"acq_date":"2023-01-13","acq_time":"2320","bright_t31":292.11,"track":0.38,"version":"2","confidence":"n","scan":0.44,"type":"0","frp":4.69,"daynight":"N","instrument":"VIIRS","brightness":323.92,"satellite":"N","year":2023},"geometry":{"type":"Point","coordinates":[29.58391,4.06932]}},
{"type":"Feature","properties":{"fid":279922,"acq_date":"2023-01-13","acq_time":"2320","bright_t31":291.18,"track":0.38,"version":"2","confidence":"n","scan":0.44,"type":"0","frp":2.0,"daynight":"N","instrument":"VIIRS","brightness":324.4,"satellite":"N","year":2023},"geometry":{"type":"Point","coordinates":[29.58446,4.07286]}},
{"type":"Feature","properties":{"fid":379066,"acq_date":"2024-01-26","acq_time":"1206","bright_t31":299.2,"track":0.67,"version":"2.0NRT","confidence":"n","scan":0.52,"type":null,"frp":10.58,"daynight":"D","instrument":"VIIRS","brightness":351.28,"satellite":"N21","year":2024},"geometry":{"type":"Point","coordinates":[29.58253,4.06866]}},
{"type":"Feature","properties":{"fid":5957,"acq_date":"2021-01-18","acq_time":"1124","bright_t31":303.3,"track":0.36,"version":"2","confidence":"n","scan":0.38,"type":"0","frp":5.77,"daynight":"D","instrument":"VIIRS","brightness":340.23,"satellite":"N20","year":2021},"geometry":{"type":"Point","coordinates":[29.58607,4.07179]}},
{"type":"Feature","properties":{"fid":106257,"acq_date":"2024-01-26","acq_time":"1143","bright_t31":302.8,"track":0.43,"version":"2","confidence":"n","scan":0.57,"type":"0","frp":5.32,"daynight":"D","instrument":"VIIRS","brightness":333.77,"satellite":"N20","year":2024},"geometry":{"type":"Point","coordinates":[29.5864,4.07024]}},
{"type":"Feature","properties":{"fid":5947,"acq_date":"2021-01-18","acq_time":"1124","bright_t31":302.67,"track":0.36,"version":"2","confidence":"n","scan":0.38,"type":"0","frp":5.92,"daynight":"D","instrument":"VIIRS","brightness":344.52,"satellite":"N20","year":2021},"geometry":{"type":"Point","coordinates":[29.58657,4.06849]}},
{"type":"Feature","properties":{"fid":69733,"acq_date":"2023-01-14","acq_time":"1111","bright_t31":305.83,"track":0.39,"version":"2","confidence":"n","scan":0.47,"type":"0","frp":5.97,"daynight":"D","instrument":"VIIRS","brightness":345.64,"satellite":"N20","year":2023},"geometry":{"type":"Point","coordinates":[29.58804,4.07147]}},
{"type":"Feature","properties":{"fid":69728,"acq_date":"2023-01-14","acq_time":"1111","bright_t31":305.58,"track":0.39,"version":"2","confidence":"n","scan":0.47,"type":"0","frp":5.76,"daynight":"D","instrument":"VIIRS","brightness":341.69,"satellite":"N20","year":2023},"geometry":{"type":"Point","coordinates":[29.58853,4.06785]}},
{"type":"Feature","properties":{"fid":6337,"acq_date":"2021-01-19","acq_time":"0002","bright_t31":289.47,"track":0.56,"version":"2","confidence":"n","scan":0.34,"type":"0","frp":2.33,"daynight":"N","instrument":"VIIRS","brightness":319.89,"satellite":"N20","year":2021},"geometry":{"type":"Point","coordinates":[29.58966,4.06753]}},
{"type":"Feature","properties":{"fid":107552,"acq_date":"2024-01-27","acq_time":"1124","bright_t31":307.27,"track":0.36,"version":"2","confidence":"n","scan":0.38,"type":"0","frp":6.67,"daynight":"D","instrument":"VIIRS","brightness":346.54,"satellite":"N20","year":2024},"geometry":{"type":"Point","coordinates":[29.59022,4.06718]}},
{"type":"Feature","properties":{"fid":215328,"acq_date":"2021-01-18","acq_time":"2312","bright_t31":290.35,"track":0.42,"version":"2","confidence":"n","scan":0.53,"type":"0","frp":3.87,"daynight":"N","instrument":"VIIRS","brightness":311.05,"satellite":"N","year":2021},"geometry":{"type":"Point","coordinates":[29.58924,4.06719]}},
{"type":"Feature","properties":{"fid":315689,"acq_date":"2024-01-26","acq_time":"2331","bright_t31":289.43,"track":0.36,"version":"2","confidence":"n","scan":0.39,"type":"0","frp":0.89,"daynight":"N","instrument":"VIIRS","brightness":312.25,"satellite":"N","year":2024},"geometry":{"type":"Point","coordinates":[29.58744,4.07208]}},
{"type":"Feature","properties":{"fid":315691,"acq_date":"2024-01-26","acq_time":"2331","bright_t31":291.52,"track":0.36,"version":"2","confidence":"n","scan":0.39,"type":"0","frp":3.78,"daynight":"N","instrument":"VIIRS","brightness":333.68,"satellite":"N","year":2024},"geometry":{"type":"Point","coordinates":[29.58693,4.06875]}},
{"type":"Feature","properties":{"fid":69557,"acq_date":"2023-01-14","acq_time":"0008","bright_t31":287.85,"track":0.62,"version":"2","confidence":"n","scan":0.43,"type":"0","frp":1.24,"daynight":"N","instrument":"VIIRS","brightness":307.89,"satellite":"N20","year":2023},"geometry":{"type":"Point","coordinates":[29.57949,4.07515]}},
{"type":"Feature","properties":{"fid":6320,"acq_date":"2021-01-19","acq_time":"0002","bright_t31":288.23,"track":0.56,"version":"2","confidence":"n","scan":0.34,"type":"0","frp":1.3,"daynight":"N","instrument":"VIIRS","brightness":310.35,"satellite":"N20","year":2021},"geometry":{"type":"Point","coordinates":[29.57975,4.07745]}},
{"type":"Feature","properties":{"fid":69526,"acq_date":"2023-01-14","acq_time":"0008","bright_t31":287.48,"track":0.62,"version":"2","confidence":"n","scan":0.43,"type":"0","frp":2.13,"daynight":"N","instrument":"VIIRS","brightness":311.42,"satellite":"N20","year":2023},"geometry":{"type":"Point","coordinates":[29.58038,4.07826]}},
{"type":"Feature","properties":{"fid":6316,"acq_date":"2021-01-19","acq_time":"0002","bright_t31":286.59,"track":0.56,"version":"2","confidence":"n","scan":0.34,"type":"0","frp":1.3,"daynight":"N","instrument":"VIIRS","brightness":298.28,"satellite":"N20","year":2021},"geometry":{"type":"Point","coordinates":[29.58088,4.08249]}},
{"type":"Feature","properties":{"fid":69553,"acq_date":"2023-01-14","acq_time":"0008","bright_t31":286.76,"track":0.62,"version":"2","confidence":"n","scan":0.43,"type":"0","frp":1.24,"daynight":"N","instrument":"VIIRS","brightness":299.15,"satellite":"N20","year":2023},"geometry":{"type":"Point","coordinates":[29.58089,4.08072]}},
{"type":"Feature","properties":{"fid":7276,"acq_date":"2021-01-20","acq_time":"1046","bright_t31":295.62,"track":0.6,"version":"2","confidence":"n","scan":0.4,"type":"0","frp":19.74,"daynight":"D","instrument":"VIIRS","brightness":335.39,"satellite":"N20","year":2021},"geometry":{"type":"Point","coordinates":[29.58189,4.08241]}},
{"type":"Feature","properties":{"fid":6321,"acq_date":"2021-01-19","acq_time":"0002","bright_t31":288.24,"track":0.56,"version":"2","confidence":"n","scan":0.34,"type":"0","frp":1.0,"daynight":"N","instrument":"VIIRS","brightness":318.2,"satellite":"N20","year":2021},"geometry":{"type":"Point","coordinates":[29.58272,4.07694]}},
{"type":"Feature","properties":{"fid":69558,"acq_date":"2023-01-14","acq_time":"0008","bright_t31":287.73,"track":0.62,"version":"2","confidence":"n","scan":0.43,"type":"0","frp":1.24,"daynight":"N","instrument":"VIIRS","brightness":317.22,"satellite":"N20","year":2023},"geometry":{"type":"Point","coordinates":[29.5833,4.07452]}},
{"type":"Feature","properties":{"fid":6317,"acq_date":"2021-01-19","acq_time":"0002","bright_t31":286.71,"track":0.56,"version":"2","confidence":"n","scan":0.34,"type":"0","frp":1.0,"daynight":"N","instrument":"VIIRS","brightness":299.49,"satellite":"N20","year":2021},"geometry":{"type":"Point","coordinates":[29.58385,4.08198]}},
{"type":"Feature","properties":{"fid":315679,"acq_date":"2024-01-26","acq_time":"2331","bright_t31":286.05,"track":0.36,"version":"2","confidence":"n","scan":0.39,"type":"0","frp":0.87,"daynight":"N","instrument":"VIIRS","brightness":304.05,"satellite":"N","year":2024},"geometry":{"type":"Point","coordinates":[29.58504,4.07927]}},
{"type":"Feature","properties":{"fid":7275,"acq_date":"2021-01-20","acq_time":"1046","bright_t31":295.32,"track":0.6,"version":"2","confidence":"n","scan":0.4,"type":"0","frp":6.11,"daynight":"D","instrument":"VIIRS","brightness":333.47,"satellite":"N20","year":2021},"geometry":{"type":"Point","coordinates":[29.58541,4.083]}},
{"type":"Feature","properties":{"fid":6322,"acq_date":"2021-01-19","acq_time":"0002","bright_t31":288.14,"track":0.56,"version":"2","confidence":"n","scan":0.34,"type":"0","frp":1.0,"daynight":"N","instrument":"VIIRS","brightness":304.33,"satellite":"N20","year":2021},"geometry":{"type":"Point","coordinates":[29.58572,4.07642]}},
{"type":"Feature","properties":{"fid":69737,"acq_date":"2023-01-14","acq_time":"1111","bright_t31":307.0,"track":0.39,"version":"2","confidence":"n","scan":0.47,"type":"0","frp":5.97,"daynight":"D","instrument":"VIIRS","brightness":342.74,"satellite":"N20","year":2023},"geometry":{"type":"Point","coordinates":[29.58743,4.07507]}},
{"type":"Feature","properties":{"fid":280179,"acq_date":"2023-01-14","acq_time":"1203","bright_t31":298.99,"track":0.59,"version":"2","confidence":"n","scan":0.39,"type":"0","frp":4.15,"daynight":"D","instrument":"VIIRS","brightness":339.46,"satellite":"N","year":2023},"geometry":{"type":"Point","coordinates":[29.58786,4.07371]}},
{"type":"Feature","properties":{"fid":6323,"acq_date":"2021-01-19","acq_time":"0002","bright_t31":287.51,"track":0.56,"version":"2","confidence":"n","scan":0.34,"type":"0","frp":1.33,"daynight":"N","instrument":"VIIRS","brightness":303.8,"satellite":"N20","year":2021},"geometry":{"type":"Point","coordinates":[29.58879,4.0759]}},
{"type":"Feature","properties":{"fid":315681,"acq_date":"2024-01-26","acq_time":"2331","bright_t31":288.97,"track":0.36,"version":"2","confidence":"n","scan":0.39,"type":"0","frp":2.08,"daynight":"N","instrument":"VIIRS","brightness":333.06,"satellite":"N","year":2024},"geometry":{"type":"Point","coordinates":[29.5845,4.07595]}},
{"type":"Feature","properties":{"fid":315686,"acq_date":"2024-01-26","acq_time":"2331","bright_t31":287.59,"track":0.36,"version":"2","confidence":"n","scan":0.39,"type":"0","frp":0.89,"daynight":"N","instrument":"VIIRS","brightness":303.72,"satellite":"N","year":2024},"geometry":{"type":"Point","coordinates":[29.58798,4.0754]}},
{"type":"Feature","properties":{"fid":316840,"acq_date":"2024-01-27","acq_time":"2313","bright_t31":271.99,"track":0.42,"version":"2","confidence":"n","scan":0.52,"type":"0","frp":1.5,"daynight":"N","instrument":"VIIRS","brightness":298.62,"satellite":"N","year":2024},"geometry":{"type":"Point","coordinates":[29.58798,4.08182]}},
{"type":"Feature","properties":{"fid":316842,"acq_date":"2024-01-27","acq_time":"2313","bright_t31":271.55,"track":0.42,"version":"2","confidence":"n","scan":0.52,"type":"0","frp":1.88,"daynight":"N","instrument":"VIIRS","brightness":302.11,"satellite":"N","year":2024},"geometry":{"type":"Point","coordinates":[29.59055,4.07968]}},
{"type":"Feature","properties":{"fid":351145,"acq_date":"2025-01-22","acq_time":"0003","bright_t31":290.87,"track":0.56,"version":"2","confidence":"n","scan":0.34,"type":"0","frp":2.12,"daynight":"N","instrument":"VIIRS","brightness":316.07,"satellite":"N","year":2025},"geometry":{"type":"Point","coordinates":[29.58726,4.08183]}},
{"type":"Feature","properties":{"fid":351146,"acq_date":"2025-01-22","acq_time":"0003","bright_t31":290.84,"track":0.56,"version":"2","confidence":"n","scan":0.34,"type":"0","frp":1.57,"daynight":"N","instrument":"VIIRS","brightness":317.79,"satellite":"N","year":2025},"geometry":{"type":"Point","coordinates":[29.59039,4.08129]}},
{"type":"Feature","properties":{"fid":351148,"acq_date":"2025-01-22","acq_time":"0003","bright_t31":291.24,"track":0.56,"version":"2","confidence":"n","scan":0.34,"type":"0","frp":2.86,"daynight":"N","instrument":"VIIRS","brightness":327.14,"satellite":"N","year":2025},"geometry":{"type":"Point","coordinates":[29.58303,4.07723]}},
{"type":"Feature","properties":{"fid":351149,"acq_date":"2025-01-22","acq_time":"0003","bright_t31":291.49,"track":0.56,"version":"2","confidence":"n","scan":0.34,"type":"0","frp":2.86,"daynight":"N","instrument":"VIIRS","brightness":348.08,"satellite":"N","year":2025},"geometry":{"type":"Point","coordinates":[29.58613,4.0767]}},
{"type":"Feature","properties":{"fid":6319,"acq_date":"2021-01-19","acq_time":"0002","bright_t31":288.33,"track":0.56,"version":"2","confidence":"n","scan":0.34,"type":"0","frp":1.3,"daynight":"N","instrument":"VIIRS","brightness":319.5,"satellite":"N20","year":2021},"geometry":{"type":"Point","coordinates":[29.5769,4.07794]}},
{"type":"Feature","properties":{"fid":6318,"acq_date":"2021-01-19","acq_time":"0002","bright_t31":287.54,"track":0.56,"version":"2","confidence":"n","scan":0.34,"type":"0","frp":2.02,"daynight":"N","instrument":"VIIRS","brightness":317.63,"satellite":"N20","year":2021},"geometry":{"type":"Point","coordinates":[29.57408,4.07842]}},
{"type":"Feature","properties":{"fid":6629,"acq_date":"2021-01-19","acq_time":"1105","bright_t31":293.93,"track":0.43,"version":"2","confidence":"n","scan":0.57,"type":"0","frp":4.78,"daynight":"D","instrument":"VIIRS","brightness":332.35,"satellite":"N20","year":2021},"geometry":{"type":"Point","coordinates":[29.5761,4.07974]}},
{"type":"Feature","properties":{"fid":280180,"acq_date":"2023-01-14","acq_time":"1203","bright_t31":298.48,"track":0.59,"version":"2","confidence":"n","scan":0.39,"type":"0","frp":8.88,"daynight":"D","instrument":"VIIRS","brightness":338.92,"satellite":"N","year":2023},"geometry":{"type":"Point","coordinates":[29.57388,4.07173]}},
{"type":"Feature","properties":{"fid":279926,"acq_date":"2023-01-13","acq_time":"2320","bright_t31":290.27,"track":0.38,"version":"2","confidence":"n","scan":0.44,"type":"0","frp":2.0,"daynight":"N","instrument":"VIIRS","brightness":305.48,"satellite":"N","year":2023},"geometry":{"type":"Point","coordinates":[29.5805,4.07347]}},
{"type":"Feature","properties":{"fid":38061,"acq_date":"2022-01-06","acq_time":"1104","bright_t31":283.19,"track":0.44,"version":"2","confidence":"n","scan":0.39,"type":"0","frp":3.39,"daynight":"D","instrument":"VIIRS","brightness":339.9,"satellite":"N20","year":2022},"geometry":{"type":"Point","coordinates":[29.58221,4.07678]}},
{"type":"Feature","properties":{"fid":279919,"acq_date":"2023-01-13","acq_time":"2320","bright_t31":290.68,"track":0.38,"version":"2","confidence":"n","scan":0.44,"type":"0","frp":2.0,"daynight":"N","instrument":"VIIRS","brightness":326.4,"satellite":"N","year":2023},"geometry":{"type":"Point","coordinates":[29.58098,4.07701]}},
{"type":"Feature","properties":{"fid":279915,"acq_date":"2023-01-13","acq_time":"2320","bright_t31":288.43,"track":0.38,"version":"2","confidence":"n","scan":0.44,"type":"0","frp":0.9,"daynight":"N","instrument":"VIIRS","brightness":299.84,"satellite":"N","year":2023},"geometry":{"type":"Point","coordinates":[29.58146,4.08056]}},
{"type":"Feature","properties":{"fid":280181,"acq_date":"2023-01-14","acq_time":"1203","bright_t31":300.2,"track":0.59,"version":"2","confidence":"n","scan":0.39,"type":"0","frp":11.01,"daynight":"D","instrument":"VIIRS","brightness":354.74,"satellite":"N","year":2023},"geometry":{"type":"Point","coordinates":[29.57623,4.0833]}},
{"type":"Feature","properties":{"fid":315677,"acq_date":"2024-01-26","acq_time":"2331","bright_t31":285.15,"track":0.36,"version":"2","confidence":"n","scan":0.39,"type":"0","frp":0.62,"daynight":"N","instrument":"VIIRS","brightness":297.03,"satellite":"N","year":2024},"geometry":{"type":"Point","coordinates":[29.5781,4.08037]}},
{"type":"Feature","properties":{"fid":315678,"acq_date":"2024-01-26","acq_time":"2331","bright_t31":287.66,"track":0.36,"version":"2","confidence":"n","scan":0.39,"type":"0","frp":0.87,"daynight":"N","instrument":"VIIRS","brightness":317.53,"satellite":"N","year":2024},"geometry":{"type":"Point","coordinates":[29.58157,4.07982]}},
{"type":"Feature","properties":{"fid":315683,"acq_date":"2024-01-26","acq_time":"2331","bright_t31":286.36,"track":0.36,"version":"2","confidence":"n","scan":0.39,"type":"0","frp":1.14,"daynight":"N","instrument":"VIIRS","brightness":303.1,"satellite":"N","year":2024},"geometry":{"type":"Point","coordinates":[29.57411,4.07759]}},
{"type":"Feature","properties":{"fid":315684,"acq_date":"2024-01-26","acq_time":"2331","bright_t31":286.73,"track":0.36,"version":"2","confidence":"n","scan":0.39,"type":"0","frp":1.14,"daynight":"N","instrument":"VIIRS","brightness":305.72,"satellite":"N","year":2024},"geometry":{"type":"Point","coordinates":[29.57757,4.07705]}},
{"type":"Feature","properties":{"fid":315685,"acq_date":"2024-01-26","acq_time":"2331","bright_t31":288.35,"track":0.36,"version":"2","confidence":"n","scan":0.39,"type":"0","frp":2.08,"daynight":"N","instrument":"VIIRS","brightness":305.0,"satellite":"N","year":2024},"geometry":{"type":"Point","coordinates":[29.58103,4.0765]}},
{"type":"Feature","properties":{"fid":315688,"acq_date":"2024-01-26","acq_time":"2331","bright_t31":287.54,"track":0.36,"version":"2","confidence":"n","scan":0.39,"type":"0","frp":1.14,"daynight":"N","instrument":"VIIRS","brightness":320.68,"satellite":"N","year":2024},"geometry":{"type":"Point","coordinates":[29.57359,4.07427]}},
{"type":"Feature","properties":{"fid":316649,"acq_date":"2024-01-27","acq_time":"1215","bright_t31":296.18,"track":0.73,"version":"2","confidence":"n","scan":0.65,"type":"0","frp":8.11,"daynight":"D","instrument":"VIIRS","brightness":330.02,"satellite":"N","year":2024},"geometry":{"type":"Point","coordinates":[29.573,4.07657]}},
{"type":"Feature","properties":{"fid":351212,"acq_date":"2025-01-22","acq_time":"1106","bright_t31":297.74,"track":0.43,"version":"2","confidence":"n","scan":0.55,"type":"0","frp":8.33,"daynight":"D","instrument":"VIIRS","brightness":336.11,"satellite":"N","year":2025},"geometry":{"type":"Point","coordinates":[29.57986,4.07873]}},
{"type":"Feature","properties":{"fid":351302,"acq_date":"2025-01-22","acq_time":"2344","bright_t31":286.46,"track":0.41,"version":"2","confidence":"n","scan":0.5,"type":"0","frp":3.23,"daynight":"N","instrument":"VIIRS","brightness":303.26,"satellite":"N","year":2025},"geometry":{"type":"Point","coordinates":[29.57436,4.0786]}},
{"type":"Feature","properties":{"fid":351303,"acq_date":"2025-01-22","acq_time":"2344","bright_t31":287.63,"track":0.41,"version":"2","confidence":"n","scan":0.5,"type":"0","frp":3.23,"daynight":"N","instrument":"VIIRS","brightness":326.96,"satellite":"N","year":2025},"geometry":{"type":"Point","coordinates":[29.57373,4.07484]}},
{"type":"Feature","properties":{"fid":142128,"acq_date":"2025-01-21","acq_time":"2245","bright_t31":289.81,"track":0.64,"version":"2","confidence":"n","scan":0.46,"type":"0","frp":1.77,"daynight":"N","instrument":"VIIRS","brightness":304.04,"satellite":"N20","year":2025},"geometry":{"type":"Point","coordinates":[29.57563,4.06776]}},
{"type":"Feature","properties":{"fid":5950,"acq_date":"2021-01-18","acq_time":"1124","bright_t31":307.3,"track":0.36,"version":"2","confidence":"n","scan":0.38,"type":"0","frp":5.98,"daynight":"D","instrument":"VIIRS","brightness":352.67,"satellite":"N20","year":2021},"geometry":{"type":"Point","coordinates":[29.57626,4.06692]}},
{"type":"Feature","properties":{"fid":280175,"acq_date":"2023-01-14","acq_time":"1203","bright_t31":297.86,"track":0.59,"version":"2","confidence":"h","scan":0.39,"type":"0","frp":8.88,"daynight":"D","instrument":"VIIRS","brightness":367.0,"satellite":"N","year":2023},"geometry":{"type":"Point","coordinates":[29.57802,4.0667]}},
{"type":"Feature","properties":{"fid":176550,"acq_date":"2022-01-04","acq_time":"1212","bright_t31":293.8,"track":1.8,"version":"6.03","confidence":"78","scan":3.8,"type":"0","frp":113.1,"daynight":"D","instrument":"MODIS","brightness":324.6,"satellite":"Aqua","year":2022},"geometry":{"type":"Point","coordinates":[29.5791,4.0693]}},
{"type":"Feature","properties":{"fid":279929,"acq_date":"2023-01-13","acq_time":"2320","bright_t31":291.38,"track":0.38,"version":"2","confidence":"n","scan":0.44,"type":"0","frp":4.69,"daynight":"N","instrument":"VIIRS","brightness":309.51,"satellite":"N","year":2023},"geometry":{"type":"Point","coordinates":[29.57998,4.06993]}},
{"type":"Feature","properties":{"fid":185383,"acq_date":"2023-01-14","acq_time":"0016","bright_t31":287.3,"track":1.5,"version":"61.03","confidence":"59","scan":2.5,"type":"0","frp":30.7,"daynight":"N","instrument":"MODIS","brightness":304.2,"satellite":"Aqua","year":2023},"geometry":{"type":"Point","coordinates":[29.5804,4.0678]}},
{"type":"Feature","properties":{"fid":351150,"acq_date":"2025-01-22","acq_time":"0003","bright_t31":290.36,"track":0.56,"version":"2","confidence":"n","scan":0.34,"type":"0","frp":2.86,"daynight":"N","instrument":"VIIRS","brightness":304.95,"satellite":"N","year":2025},"geometry":{"type":"Point","coordinates":[29.58181,4.07212]}},
{"type":"Feature","properties":{"fid":315423,"acq_date":"2024-01-26","acq_time":"1053","bright_t31":301.23,"track":0.53,"version":"2","confidence":"n","scan":0.61,"type":"0","frp":13.76,"daynight":"D","instrument":"VIIRS","brightness":355.74,"satellite":"N","year":2024},"geometry":{"type":"Point","coordinates":[29.58218,4.06912]}},
{"type":"Feature","properties":{"fid":351153,"acq_date":"2025-01-22","acq_time":"0003","bright_t31":290.56,"track":0.56,"version":"2","confidence":"n","scan":0.34,"type":"0","frp":0.74,"daynight":"N","instrument":"VIIRS","brightness":302.43,"satellite":"N","year":2025},"geometry":{"type":"Point","coordinates":[29.57813,4.06743]}},
{"type":"Feature","properties":{"fid":351157,"acq_date":"2025-01-22","acq_time":"0003","bright_t31":290.56,"track":0.56,"version":"2","confidence":"n","scan":0.34,"type":"0","frp":1.21,"daynight":"N","instrument":"VIIRS","brightness":307.4,"satellite":"N","year":2025},"geometry":{"type":"Point","coordinates":[29.57807,4.06676]}},
{"type":"Feature","properties":{"fid":379067,"acq_date":"2024-01-26","acq_time":"1206","bright_t31":299.76,"track":0.67,"version":"2.0NRT","confidence":"n","scan":0.52,"type":null,"frp":8.74,"daynight":"D","instrument":"VIIRS","brightness":334.87,"satellite":"N21","year":2024},"geometry":{"type":"Point","coordinates":[29.5781,4.06803]}},
{"type":"Feature","properties":{"fid":411560,"acq_date":"2025-01-21","acq_time":"2337","bright_t31":292.9,"track":0.38,"version":"2.0NRT","confidence":"n","scan":0.42,"type":null,"frp":2.07,"daynight":"N","instrument":"VIIRS","brightness":325.56,"satellite":"N21","year":2025},"geometry":{"type":"Point","coordinates":[29.57708,4.06747]}},
{"type":"Feature","properties":{"fid":411592,"acq_date":"2025-01-21","acq_time":"2337","bright_t31":292.44,"track":0.38,"version":"2.0NRT","confidence":"n","scan":0.42,"type":null,"frp":1.23,"daynight":"N","instrument":"VIIRS","brightness":303.0,"satellite":"N21","year":2025},"geometry":{"type":"Point","coordinates":[29.58079,4.06687]}},
{"type":"Feature","properties":{"fid":69729,"acq_date":"2023-01-14","acq_time":"1111","bright_t31":307.88,"track":0.39,"version":"2","confidence":"n","scan":0.47,"type":"0","frp":23.32,"daynight":"D","instrument":"VIIRS","brightness":344.64,"satellite":"N20","year":2023},"geometry":{"type":"Point","coordinates":[29.57597,4.06586]}},
{"type":"Feature","properties":{"fid":106256,"acq_date":"2024-01-26","acq_time":"1143","bright_t31":304.82,"track":0.43,"version":"2","confidence":"n","scan":0.57,"type":"0","frp":5.71,"daynight":"D","instrument":"VIIRS","brightness":338.0,"satellite":"N20","year":2024},"geometry":{"type":"Point","coordinates":[29.57704,4.06484]}},
{"type":"Feature","properties":{"fid":5935,"acq_date":"2021-01-18","acq_time":"1124","bright_t31":301.59,"track":0.36,"version":"2","confidence":"n","scan":0.38,"type":"0","frp":5.98,"daynight":"D","instrument":"VIIRS","brightness":351.7,"satellite":"N20","year":2021},"geometry":{"type":"Point","coordinates":[29.58019,4.06414]}},
{"type":"Feature","properties":{"fid":106255,"acq_date":"2024-01-26","acq_time":"1143","bright_t31":301.05,"track":0.43,"version":"2","confidence":"n","scan":0.57,"type":"0","frp":5.71,"daynight":"D","instrument":"VIIRS","brightness":336.08,"satellite":"N20","year":2024},"geometry":{"type":"Point","coordinates":[29.58204,4.06557]}},
{"type":"Feature","properties":{"fid":69532,"acq_date":"2023-01-14","acq_time":"0008","bright_t31":289.98,"track":0.62,"version":"2","confidence":"n","scan":0.43,"type":"0","frp":2.0,"daynight":"N","instrument":"VIIRS","brightness":333.66,"satellite":"N20","year":2023},"geometry":{"type":"Point","coordinates":[29.5822,4.06633]}},
{"type":"Feature","properties":{"fid":279931,"acq_date":"2023-01-13","acq_time":"2320","bright_t31":295.89,"track":0.38,"version":"2","confidence":"n","scan":0.44,"type":"0","frp":4.69,"daynight":"N","instrument":"VIIRS","brightness":346.61,"satellite":"N","year":2023},"geometry":{"type":"Point","coordinates":[29.58328,4.0658]}},
{"type":"Feature","properties":{"fid":5934,"acq_date":"2021-01-18","acq_time":"1124","bright_t31":302.59,"track":0.36,"version":"2","confidence":"n","scan":0.38,"type":"0","frp":5.92,"daynight":"D","instrument":"VIIRS","brightness":350.94,"satellite":"N20","year":2021},"geometry":{"type":"Point","coordinates":[29.58363,4.06466]}},
{"type":"Feature","properties":{"fid":315693,"acq_date":"2024-01-26","acq_time":"2331","bright_t31":290.94,"track":0.36,"version":"2","confidence":"n","scan":0.39,"type":"0","frp":3.78,"daynight":"N","instrument":"VIIRS","brightness":337.64,"satellite":"N","year":2024},"geometry":{"type":"Point","coordinates":[29.58642,4.06542]}},
{"type":"Feature","properties":{"fid":204194,"acq_date":"2025-01-22","acq_time":"0803","bright_t31":293.9,"track":1.5,"version":"61.03","confidence":"59","scan":2.5,"type":"0","frp":21.5,"daynight":"D","instrument":"MODIS","brightness":312.5,"satellite":"Terra","year":2025},"geometry":{"type":"Point","coordinates":[29.5764,4.0643]}},
{"type":"Feature","properties":{"fid":411590,"acq_date":"2025-01-21","acq_time":"2337","bright_t31":292.11,"track":0.38,"version":"2.0NRT","confidence":"n","scan":0.42,"type":null,"frp":2.07,"daynight":"N","instrument":"VIIRS","brightness":325.87,"satellite":"N21","year":2025},"geometry":{"type":"Point","coordinates":[29.57659,4.06403]}},
{"type":"Feature","properties":{"fid":4613,"acq_date":"2021-01-14","acq_time":"2337","bright_t31":289.52,"track":0.38,"version":"2","confidence":"n","scan":0.42,"type":"0","frp":0.84,"daynight":"N","instrument":"VIIRS","brightness":312.5,"satellite":"N20","year":2021},"geometry":{"type":"Point","coordinates":[29.59131,4.11887]}},
{"type":"Feature","properties":{"fid":148909,"acq_date":"2025-02-04","acq_time":"2323","bright_t31":288.39,"track":0.36,"version":"2","confidence":"n","scan":0.39,"type":"0","frp":1.07,"daynight":"N","instrument":"VIIRS","brightness":312.31,"satellite":"N20","year":2025},"geometry":{"type":"Point","coordinates":[29.59179,4.11366]}},
{"type":"Feature","properties":{"fid":148202,"acq_date":"2025-02-03","acq_time":"1103","bright_t31":300.34,"track":0.43,"version":"2","confidence":"n","scan":0.56,"type":"0","frp":35.78,"daynight":"D","instrument":"VIIRS","brightness":354.25,"satellite":"N20","year":2025},"geometry":{"type":"Point","coordinates":[29.59257,4.12513]}},
{"type":"Feature","properties":{"fid":113337,"acq_date":"2024-02-02","acq_time":"1111","bright_t31":296.64,"track":0.39,"version":"2","confidence":"n","scan":0.46,"type":"0","frp":5.17,"daynight":"D","instrument":"VIIRS","brightness":331.41,"satellite":"N20","year":2024},"geometry":{"type":"Point","coordinates":[29.5928,4.12777]}},
{"type":"Feature","properties":{"fid":205983,"acq_date":"2025-02-03","acq_time":"1225","bright_t31":300.1,"track":1.0,"version":"61.03","confidence":"90","scan":1.0,"type":"0","frp":36.2,"daynight":"D","instrument":"MODIS","brightness":341.1,"satellite":"Aqua","year":2025},"geometry":{"type":"Point","coordinates":[29.5928,4.1189]}},
{"type":"Feature","properties":{"fid":185417,"acq_date":"2023-01-14","acq_time":"0801","bright_t31":299.6,"track":1.2,"version":"61.03","confidence":"80","scan":1.4,"type":"0","frp":36.0,"daynight":"D","instrument":"MODIS","brightness":333.4,"satellite":"Terra","year":2023},"geometry":{"type":"Point","coordinates":[29.5932,4.1207]}},
{"type":"Feature","properties":{"fid":148635,"acq_date":"2025-02-03","acq_time":"2342","bright_t31":288.17,"track":0.41,"version":"2","confidence":"n","scan":0.5,"type":"0","frp":1.69,"daynight":"N","instrument":"VIIRS","brightness":307.21,"satellite":"N20","year":2025},"geometry":{"type":"Point","coordinates":[29.59822,4.11888]}},
{"type":"Feature","properties":{"fid":148634,"acq_date":"2025-02-03","acq_time":"2342","bright_t31":288.96,"track":0.41,"version":"2","confidence":"n","scan":0.5,"type":"0","frp":1.69,"daynight":"N","instrument":"VIIRS","brightness":323.67,"satellite":"N20","year":2025},"geometry":{"type":"Point","coordinates":[29.59881,4.12261]}},
{"type":"Feature","properties":{"fid":148633,"acq_date":"2025-02-03","acq_time":"2342","bright_t31":288.6,"track":0.41,"version":"2","confidence":"n","scan":0.5,"type":"0","frp":1.95,"daynight":"N","instrument":"VIIRS","brightness":316.75,"satellite":"N20","year":2025},"geometry":{"type":"Point","coordinates":[29.5994,4.12633]}},
{"type":"Feature","properties":{"fid":206136,"acq_date":"2025-02-04","acq_time":"1304","bright_t31":296.8,"track":1.8,"version":"61.03","confidence":"65","scan":3.6,"type":"0","frp":166.9,"daynight":"D","instrument":"MODIS","brightness":335.8,"satellite":"Aqua","year":2025},"geometry":{"type":"Point","coordinates":[29.5994,4.1278]}},
{"type":"Feature","properties":{"fid":196481,"acq_date":"2024-02-02","acq_time":"0731","bright_t31":294.1,"track":1.5,"version":"61.03","confidence":"80","scan":2.4,"type":"0","frp":61.6,"daynight":"D","instrument":"MODIS","brightness":325.3,"satellite":"Terra","year":2024},"geometry":{"type":"Point","coordinates":[29.6005,4.1211]}},
{"type":"Feature","properties":{"fid":4614,"acq_date":"2021-01-14","acq_time":"2337","bright_t31":288.91,"track":0.38,"version":"2","confidence":"n","scan":0.42,"type":"0","frp":1.72,"daynight":"N","instrument":"VIIRS","brightness":319.68,"satellite":"N20","year":2021},"geometry":{"type":"Point","coordinates":[29.6026,4.11706]}},
{"type":"Feature","properties":{"fid":417561,"acq_date":"2025-02-03","acq_time":"1155","bright_t31":289.27,"track":0.54,"version":"2.0NRT","confidence":"n","scan":0.61,"type":null,"frp":16.85,"daynight":"D","instrument":"VIIRS","brightness":341.88,"satellite":"N21","year":2025},"geometry":{"type":"Point","coordinates":[29.59305,4.1251]}},
{"type":"Feature","properties":{"fid":417870,"acq_date":"2025-02-03","acq_time":"2254","bright_t31":288.12,"track":0.58,"version":"2.0NRT","confidence":"n","scan":0.37,"type":null,"frp":1.19,"daynight":"N","instrument":"VIIRS","brightness":310.67,"satellite":"N21","year":2025},"geometry":{"type":"Point","coordinates":[29.59978,4.12822]}},
{"type":"Feature","properties":{"fid":417871,"acq_date":"2025-02-03","acq_time":"2254","bright_t31":287.88,"track":0.58,"version":"2.0NRT","confidence":"n","scan":0.37,"type":null,"frp":1.19,"daynight":"N","instrument":"VIIRS","brightness":308.43,"satellite":"N21","year":2025},"geometry":{"type":"Point","coordinates":[29.60309,4.12775]}},
{"type":"Feature","properties":{"fid":417880,"acq_date":"2025-02-03","acq_time":"2254","bright_t31":288.23,"track":0.58,"version":"2.0NRT","confidence":"n","scan":0.37,"type":null,"frp":1.38,"daynight":"N","instrument":"VIIRS","brightness":320.89,"satellite":"N21","year":2025},"geometry":{"type":"Point","coordinates":[29.6026,4.12874]}},
{"type":"Feature","properties":{"fid":417881,"acq_date":"2025-02-03","acq_time":"2254","bright_t31":287.12,"track":0.58,"version":"2.0NRT","confidence":"n","scan":0.37,"type":null,"frp":1.38,"daynight":"N","instrument":"VIIRS","brightness":298.2,"satellite":"N21","year":2025},"geometry":{"type":"Point","coordinates":[29.5993,4.12923]}},
{"type":"Feature","properties":{"fid":417882,"acq_date":"2025-02-03","acq_time":"2254","bright_t31":287.03,"track":0.58,"version":"2.0NRT","confidence":"n","scan":0.37,"type":null,"frp":1.01,"daynight":"N","instrument":"VIIRS","brightness":299.78,"satellite":"N21","year":2025},"geometry":{"type":"Point","coordinates":[29.59853,4.12393]}},
{"type":"Feature","properties":{"fid":417883,"acq_date":"2025-02-03","acq_time":"2254","bright_t31":286.79,"track":0.58,"version":"2.0NRT","confidence":"n","scan":0.37,"type":null,"frp":1.01,"daynight":"N","instrument":"VIIRS","brightness":307.3,"satellite":"N21","year":2025},"geometry":{"type":"Point","coordinates":[29.59775,4.11863]}},
{"type":"Feature","properties":{"fid":148631,"acq_date":"2025-02-03","acq_time":"2342","bright_t31":290.03,"track":0.41,"version":"2","confidence":"n","scan":0.5,"type":"0","frp":1.95,"daynight":"N","instrument":"VIIRS","brightness":324.83,"satellite":"N20","year":2025},"geometry":{"type":"Point","coordinates":[29.60444,4.12933]}},
{"type":"Feature","properties":{"fid":185418,"acq_date":"2023-01-14","acq_time":"0801","bright_t31":302.1,"track":1.2,"version":"61.03","confidence":"88","scan":1.4,"type":"0","frp":46.8,"daynight":"D","instrument":"MODIS","brightness":338.0,"satellite":"Terra","year":2023},"geometry":{"type":"Point","coordinates":[29.6053,4.119]}},
{"type":"Feature","properties":{"fid":279823,"acq_date":"2023-01-13","acq_time":"2320","bright_t31":286.45,"track":0.38,"version":"2","confidence":"n","scan":0.44,"type":"0","frp":1.16,"daynight":"N","instrument":"VIIRS","brightness":320.22,"satellite":"N","year":2023},"geometry":{"type":"Point","coordinates":[29.60127,4.11301]}},
{"type":"Feature","properties":{"fid":279827,"acq_date":"2023-01-13","acq_time":"2320","bright_t31":287.03,"track":0.38,"version":"2","confidence":"n","scan":0.44,"type":"0","frp":1.16,"daynight":"N","instrument":"VIIRS","brightness":306.8,"satellite":"N","year":2023},"geometry":{"type":"Point","coordinates":[29.60524,4.11241]}},
{"type":"Feature","properties":{"fid":358246,"acq_date":"2025-02-04","acq_time":"2300","bright_t31":287.95,"track":0.51,"version":"2","confidence":"n","scan":0.55,"type":"0","frp":0.47,"daynight":"N","instrument":"VIIRS","brightness":298.0,"satellite":"N","year":2025},"geometry":{"type":"Point","coordinates":[29.59318,4.11283]}},
{"type":"Feature","properties":{"fid":358252,"acq_date":"2025-02-04","acq_time":"2300","bright_t31":287.78,"track":0.51,"version":"2","confidence":"n","scan":0.55,"type":"0","frp":1.42,"daynight":"N","instrument":"VIIRS","brightness":301.21,"satellite":"N","year":2025},"geometry":{"type":"Point","coordinates":[29.59148,4.11199]}},
{"type":"Feature","properties":{"fid":279800,"acq_date":"2023-01-13","acq_time":"2320","bright_t31":286.75,"track":0.38,"version":"2","confidence":"n","scan":0.44,"type":"0","frp":0.63,"daynight":"N","instrument":"VIIRS","brightness":299.59,"satellite":"N","year":2023},"geometry":{"type":"Point","coordinates":[29.59897,4.12421]}},
{"type":"Feature","properties":{"fid":279786,"acq_date":"2023-01-13","acq_time":"2320","bright_t31":286.73,"track":0.38,"version":"2","confidence":"n","scan":0.44,"type":"0","frp":1.73,"daynight":"N","instrument":"VIIRS","brightness":323.41,"satellite":"N","year":2023},"geometry":{"type":"Point","coordinates":[29.59952,4.12775]}},
{"type":"Feature","properties":{"fid":69475,"acq_date":"2023-01-14","acq_time":"0008","bright_t31":285.88,"track":0.62,"version":"2","confidence":"n","scan":0.43,"type":"0","frp":1.36,"daynight":"N","instrument":"VIIRS","brightness":318.79,"satellite":"N20","year":2023},"geometry":{"type":"Point","coordinates":[29.60289,4.11499]}},
{"type":"Feature","properties":{"fid":318972,"acq_date":"2024-02-01","acq_time":"2319","bright_t31":272.04,"track":0.38,"version":"2","confidence":"n","scan":0.44,"type":"0","frp":3.02,"daynight":"N","instrument":"VIIRS","brightness":318.69,"satellite":"N","year":2024},"geometry":{"type":"Point","coordinates":[29.6037,4.12596]}},
{"type":"Feature","properties":{"fid":69469,"acq_date":"2023-01-14","acq_time":"0008","bright_t31":284.52,"track":0.62,"version":"2","confidence":"n","scan":0.43,"type":"0","frp":1.01,"daynight":"N","instrument":"VIIRS","brightness":299.98,"satellite":"N20","year":2023},"geometry":{"type":"Point","coordinates":[29.60382,4.12064]}},
{"type":"Feature","properties":{"fid":318961,"acq_date":"2024-02-01","acq_time":"2319","bright_t31":271.35,"track":0.38,"version":"2","confidence":"n","scan":0.44,"type":"0","frp":1.59,"daynight":"N","instrument":"VIIRS","brightness":311.09,"satellite":"N","year":2024},"geometry":{"type":"Point","coordinates":[29.60425,4.12948]}},
{"type":"Feature","properties":{"fid":279817,"acq_date":"2023-01-13","acq_time":"2320","bright_t31":287.06,"track":0.38,"version":"2","confidence":"n","scan":0.44,"type":"0","frp":1.16,"daynight":"N","instrument":"VIIRS","brightness":297.43,"satellite":"N","year":2023},"geometry":{"type":"Point","coordinates":[29.60579,4.11594]}},
{"type":"Feature","properties":{"fid":279807,"acq_date":"2023-01-13","acq_time":"2320","bright_t31":286.66,"track":0.38,"version":"2","confidence":"n","scan":0.44,"type":"0","frp":0.73,"daynight":"N","instrument":"VIIRS","brightness":305.45,"satellite":"N","year":2023},"geometry":{"type":"Point","coordinates":[29.60634,4.11947]}},
{"type":"Feature","properties":{"fid":357924,"acq_date":"2025-02-03","acq_time":"2319","bright_t31":289.11,"track":0.38,"version":"2","confidence":"n","scan":0.43,"type":"0","frp":1.66,"daynight":"N","instrument":"VIIRS","brightness":315.38,"satellite":"N","year":2025},"geometry":{"type":"Point","coordinates":[29.60088,4.12771]}},
{"type":"Feature","properties":{"fid":357926,"acq_date":"2025-02-03","acq_time":"2319","bright_t31":287.89,"track":0.38,"version":"2","confidence":"n","scan":0.43,"type":"0","frp":1.45,"daynight":"N","instrument":"VIIRS","brightness":298.0,"satellite":"N","year":2025},"geometry":{"type":"Point","coordinates":[29.60034,4.1242]}},
{"type":"Feature","properties":{"fid":357928,"acq_date":"2025-02-03","acq_time":"2319","bright_t31":287.9,"track":0.38,"version":"2","confidence":"n","scan":0.43,"type":"0","frp":1.45,"daynight":"N","instrument":"VIIRS","brightness":314.5,"satellite":"N","year":2025},"geometry":{"type":"Point","coordinates":[29.59979,4.1207]}},
{"type":"Feature","properties":{"fid":280199,"acq_date":"2023-01-14","acq_time":"1203","bright_t31":296.59,"track":0.6,"version":"2","confidence":"n","scan":0.39,"type":"0","frp":2.93,"daynight":"D","instrument":"VIIRS","brightness":341.52,"satellite":"N","year":2023},"geometry":{"type":"Point","coordinates":[29.59243,4.12499]}},
{"type":"Feature","properties":{"fid":69862,"acq_date":"2023-01-14","acq_time":"1111","bright_t31":302.65,"track":0.39,"version":"2","confidence":"n","scan":0.47,"type":"0","frp":7.67,"daynight":"D","instrument":"VIIRS","brightness":335.69,"satellite":"N20","year":2023},"geometry":{"type":"Point","coordinates":[29.59246,4.12388]}},
{"type":"Feature","properties":{"fid":69848,"acq_date":"2023-01-14","acq_time":"1111","bright_t31":309.47,"track":0.39,"version":"2","confidence":"n","scan":0.47,"type":"0","frp":7.99,"daynight":"D","instrument":"VIIRS","brightness":353.85,"satellite":"N20","year":2023},"geometry":{"type":"Point","coordinates":[29.59302,4.12027]}},
{"type":"Feature","properties":{"fid":280198,"acq_date":"2023-01-14","acq_time":"1203","bright_t31":294.43,"track":0.6,"version":"2","confidence":"n","scan":0.39,"type":"0","frp":7.62,"daynight":"D","instrument":"VIIRS","brightness":343.0,"satellite":"N","year":2023},"geometry":{"type":"Point","coordinates":[29.59599,4.12551]}},
{"type":"Feature","properties":{"fid":69462,"acq_date":"2023-01-14","acq_time":"0008","bright_t31":285.01,"track":0.62,"version":"2","confidence":"n","scan":0.43,"type":"0","frp":1.83,"daynight":"N","instrument":"VIIRS","brightness":310.57,"satellite":"N20","year":2023},"geometry":{"type":"Point","coordinates":[29.59708,4.1276]}},
{"type":"Feature","properties":{"fid":69847,"acq_date":"2023-01-14","acq_time":"1111","bright_t31":305.5,"track":0.39,"version":"2","confidence":"n","scan":0.47,"type":"0","frp":3.93,"daynight":"D","instrument":"VIIRS","brightness":349.37,"satellite":"N20","year":2023},"geometry":{"type":"Point","coordinates":[29.59717,4.12092]}},
{"type":"Feature","properties":{"fid":357925,"acq_date":"2025-02-03","acq_time":"2319","bright_t31":288.35,"track":0.38,"version":"2","confidence":"n","scan":0.43,"type":"0","frp":1.45,"daynight":"N","instrument":"VIIRS","brightness":303.58,"satellite":"N","year":2025},"geometry":{"type":"Point","coordinates":[29.59645,4.1248]}},
{"type":"Feature","properties":{"fid":357927,"acq_date":"2025-02-03","acq_time":"2319","bright_t31":289.43,"track":0.38,"version":"2","confidence":"n","scan":0.43,"type":"0","frp":1.45,"daynight":"N","instrument":"VIIRS","brightness":327.99,"satellite":"N","year":2025},"geometry":{"type":"Point","coordinates":[29.5959,4.12129]}},
{"type":"Feature","properties":{"fid":357929,"acq_date":"2025-02-03","acq_time":"2319","bright_t31":288.26,"track":0.38,"version":"2","confidence":"n","scan":0.43,"type":"0","frp":0.55,"daynight":"N","instrument":"VIIRS","brightness":302.99,"satellite":"N","year":2025},"geometry":{"type":"Point","coordinates":[29.59535,4.11778]}},
{"type":"Feature","properties":{"fid":148970,"acq_date":"2025-02-05","acq_time":"2304","bright_t31":287.77,"track":0.46,"version":"2","confidence":"n","scan":0.44,"type":"0","frp":2.31,"daynight":"N","instrument":"VIIRS","brightness":321.22,"satellite":"N20","year":2025},"geometry":{"type":"Point","coordinates":[29.60505,4.10911]}},
{"type":"Feature","properties":{"fid":216919,"acq_date":"2021-01-20","acq_time":"2234","bright_t31":276.13,"track":0.77,"version":"2","confidence":"n","scan":0.75,"type":"0","frp":7.57,"daynight":"N","instrument":"VIIRS","brightness":298.31,"satellite":"N","year":2021},"geometry":{"type":"Point","coordinates":[29.60617,4.0954]}},
{"type":"Feature","properties":{"fid":7633,"acq_date":"2021-01-20","acq_time":"2324","bright_t31":283.88,"track":0.36,"version":"2","confidence":"n","scan":0.39,"type":"0","frp":0.45,"daynight":"N","instrument":"VIIRS","brightness":301.4,"satellite":"N20","year":2021},"geometry":{"type":"Point","coordinates":[29.5917,4.10683]}},
{"type":"Feature","properties":{"fid":69483,"acq_date":"2023-01-14","acq_time":"0008","bright_t31":285.31,"track":0.62,"version":"2","confidence":"n","scan":0.43,"type":"0","frp":1.36,"daynight":"N","instrument":"VIIRS","brightness":299.91,"satellite":"N20","year":2023},"geometry":{"type":"Point","coordinates":[29.60192,4.10935]}},
{"type":"Feature","properties":{"fid":70718,"acq_date":"2023-01-14","acq_time":"2349","bright_t31":289.58,"track":0.45,"version":"2","confidence":"n","scan":0.41,"type":"0","frp":1.91,"daynight":"N","instrument":"VIIRS","brightness":327.92,"satellite":"N20","year":2023},"geometry":{"type":"Point","coordinates":[29.59706,4.1112]}},
{"type":"Feature","properties":{"fid":70732,"acq_date":"2023-01-14","acq_time":"2349","bright_t31":289.74,"track":0.45,"version":"2","confidence":"n","scan":0.41,"type":"0","frp":0.75,"daynight":"N","instrument":"VIIRS","brightness":307.84,"satellite":"N20","year":2023},"geometry":{"type":"Point","coordinates":[29.59637,4.10712]}},
{"type":"Feature","properties":{"fid":279834,"acq_date":"2023-01-13","acq_time":"2320","bright_t31":285.97,"track":0.38,"version":"2","confidence":"n","scan":0.44,"type":"0","frp":0.81,"daynight":"N","instrument":"VIIRS","brightness":298.9,"satellite":"N","year":2023},"geometry":{"type":"Point","coordinates":[29.60074,4.10948]}},
{"type":"Feature","properties":{"fid":279865,"acq_date":"2023-01-13","acq_time":"2320","bright_t31":286.29,"track":0.38,"version":"2","confidence":"n","scan":0.44,"type":"0","frp":1.43,"daynight":"N","instrument":"VIIRS","brightness":307.96,"satellite":"N","year":2023},"geometry":{"type":"Point","coordinates":[29.60206,4.1099]}},
{"type":"Feature","properties":{"fid":280664,"acq_date":"2023-01-14","acq_time":"2301","bright_t31":290.04,"track":0.52,"version":"2","confidence":"n","scan":0.56,"type":"0","frp":3.45,"daynight":"N","instrument":"VIIRS","brightness":323.34,"satellite":"N","year":2023},"geometry":{"type":"Point","coordinates":[29.59649,4.10823]}},
{"type":"Feature","properties":{"fid":206943,"acq_date":"2025-02-12","acq_time":"1936","bright_t31":287.0,"track":1.0,"version":"61.03","confidence":"37","scan":1.1,"type":"0","frp":4.2,"daynight":"N","instrument":"MODIS","brightness":302.3,"satellite":"Terra","year":2025},"geometry":{"type":"Point","coordinates":[29.5914,4.0825]}},
{"type":"Feature","properties":{"fid":215677,"acq_date":"2021-01-19","acq_time":"1155","bright_t31":293.97,"track":0.53,"version":"2","confidence":"n","scan":0.61,"type":"0","frp":8.91,"daynight":"D","instrument":"VIIRS","brightness":342.28,"satellite":"N","year":2021},"geometry":{"type":"Point","coordinates":[29.59158,4.08488]}},
{"type":"Feature","properties":{"fid":216030,"acq_date":"2021-01-19","acq_time":"2253","bright_t31":287.75,"track":0.57,"version":"2","confidence":"n","scan":0.36,"type":"0","frp":1.04,"daynight":"N","instrument":"VIIRS","brightness":307.7,"satellite":"N","year":2021},"geometry":{"type":"Point","coordinates":[29.59275,4.08783]}},
{"type":"Feature","properties":{"fid":215662,"acq_date":"2021-01-19","acq_time":"1155","bright_t31":293.66,"track":0.53,"version":"2","confidence":"n","scan":0.61,"type":"0","frp":9.35,"daynight":"D","instrument":"VIIRS","brightness":341.19,"satellite":"N","year":2021},"geometry":{"type":"Point","coordinates":[29.59276,4.08367]}},
{"type":"Feature","properties":{"fid":152265,"acq_date":"2025-02-12","acq_time":"2233","bright_t31":283.61,"track":0.77,"version":"2","confidence":"n","scan":0.76,"type":"0","frp":1.84,"daynight":"N","instrument":"VIIRS","brightness":306.5,"satellite":"N20","year":2025},"geometry":{"type":"Point","coordinates":[29.59278,4.08922]}},
{"type":"Feature","properties":{"fid":167579,"acq_date":"2021-01-18","acq_time":"2335","bright_t31":289.9,"track":1.0,"version":"6.03","confidence":"35","scan":1.0,"type":"0","frp":9.6,"daynight":"N","instrument":"MODIS","brightness":309.5,"satellite":"Aqua","year":2021},"geometry":{"type":"Point","coordinates":[29.5932,4.0763]}},
{"type":"Feature","properties":{"fid":216022,"acq_date":"2021-01-19","acq_time":"2253","bright_t31":287.56,"track":0.57,"version":"2","confidence":"n","scan":0.36,"type":"0","frp":0.4,"daynight":"N","instrument":"VIIRS","brightness":299.59,"satellite":"N","year":2021},"geometry":{"type":"Point","coordinates":[29.59357,4.09143]}},
{"type":"Feature","properties":{"fid":204191,"acq_date":"2025-01-22","acq_time":"0021","bright_t31":292.3,"track":1.1,"version":"61.03","confidence":"100","scan":1.2,"type":"0","frp":33.3,"daynight":"N","instrument":"MODIS","brightness":326.0,"satellite":"Aqua","year":2025},"geometry":{"type":"Point","coordinates":[29.5948,4.0788]}},
{"type":"Feature","properties":{"fid":195777,"acq_date":"2024-01-28","acq_time":"1947","bright_t31":289.8,"track":1.0,"version":"61.03","confidence":"63","scan":1.1,"type":"0","frp":7.8,"daynight":"N","instrument":"MODIS","brightness":305.1,"satellite":"Terra","year":2024},"geometry":{"type":"Point","coordinates":[29.5952,4.0793]}},
{"type":"Feature","properties":{"fid":216031,"acq_date":"2021-01-19","acq_time":"2253","bright_t31":287.01,"track":0.57,"version":"2","confidence":"n","scan":0.36,"type":"0","frp":0.74,"daynight":"N","instrument":"VIIRS","brightness":299.54,"satellite":"N","year":2021},"geometry":{"type":"Point","coordinates":[29.59606,4.08733]}},
{"type":"Feature","properties":{"fid":216036,"acq_date":"2021-01-19","acq_time":"2253","bright_t31":287.7,"track":0.57,"version":"2","confidence":"n","scan":0.36,"type":"0","frp":0.74,"daynight":"N","instrument":"VIIRS","brightness":304.01,"satellite":"N","year":2021},"geometry":{"type":"Point","coordinates":[29.59851,4.08153]}},
{"type":"Feature","properties":{"fid":216359,"acq_date":"2021-01-20","acq_time":"1136","bright_t31":298.81,"track":0.39,"version":"2","confidence":"n","scan":0.46,"type":"0","frp":15.08,"daynight":"D","instrument":"VIIRS","brightness":352.66,"satellite":"N","year":2021},"geometry":{"type":"Point","coordinates":[29.59857,4.09322]}},
{"type":"Feature","properties":{"fid":152268,"acq_date":"2025-02-12","acq_time":"2233","bright_t31":284.16,"track":0.77,"version":"2","confidence":"n","scan":0.76,"type":"0","frp":2.93,"daynight":"N","instrument":"VIIRS","brightness":310.32,"satellite":"N20","year":2025},"geometry":{"type":"Point","coordinates":[29.59887,4.09151]}},
{"type":"Feature","properties":{"fid":206944,"acq_date":"2025-02-12","acq_time":"1936","bright_t31":286.3,"track":1.0,"version":"61.03","confidence":"35","scan":1.1,"type":"0","frp":3.7,"daynight":"N","instrument":"MODIS","brightness":301.1,"satellite":"Terra","year":2025},"geometry":{"type":"Point","coordinates":[29.5994,4.0928]}},
{"type":"Feature","properties":{"fid":152266,"acq_date":"2025-02-12","acq_time":"2233","bright_t31":284.25,"track":0.77,"version":"2","confidence":"n","scan":0.76,"type":"0","frp":1.84,"daynight":"N","instrument":"VIIRS","brightness":301.53,"satellite":"N20","year":2025},"geometry":{"type":"Point","coordinates":[29.5997,4.08827]}},
{"type":"Feature","properties":{"fid":216038,"acq_date":"2021-01-19","acq_time":"2253","bright_t31":287.46,"track":0.57,"version":"2","confidence":"n","scan":0.36,"type":"0","frp":1.0,"daynight":"N","instrument":"VIIRS","brightness":318.28,"satellite":"N","year":2021},"geometry":{"type":"Point","coordinates":[29.60098,4.07574]}},
{"type":"Feature","properties":{"fid":216350,"acq_date":"2021-01-20","acq_time":"1136","bright_t31":297.95,"track":0.39,"version":"2","confidence":"n","scan":0.46,"type":"0","frp":10.39,"daynight":"D","instrument":"VIIRS","brightness":339.01,"satellite":"N","year":2021},"geometry":{"type":"Point","coordinates":[29.60329,4.09022]}},
{"type":"Feature","properties":{"fid":216348,"acq_date":"2021-01-20","acq_time":"1136","bright_t31":297.19,"track":0.39,"version":"2","confidence":"n","scan":0.46,"type":"0","frp":10.39,"daynight":"D","instrument":"VIIRS","brightness":348.52,"satellite":"N","year":2021},"geometry":{"type":"Point","coordinates":[29.60383,4.0866]}},
{"type":"Feature","properties":{"fid":216927,"acq_date":"2021-01-20","acq_time":"2234","bright_t31":280.0,"track":0.77,"version":"2","confidence":"n","scan":0.75,"type":"0","frp":10.28,"daynight":"N","instrument":"VIIRS","brightness":298.36,"satellite":"N","year":2021},"geometry":{"type":"Point","coordinates":[29.60387,4.0811]}},
{"type":"Feature","properties":{"fid":216346,"acq_date":"2021-01-20","acq_time":"1136","bright_t31":297.46,"track":0.39,"version":"2","confidence":"n","scan":0.46,"type":"0","frp":8.6,"daynight":"D","instrument":"VIIRS","brightness":343.96,"satellite":"N","year":2021},"geometry":{"type":"Point","coordinates":[29.60436,4.08297]}},
{"type":"Feature","properties":{"fid":216923,"acq_date":"2021-01-20","acq_time":"2234","bright_t31":278.88,"track":0.77,"version":"2","confidence":"n","scan":0.75,"type":"0","frp":10.28,"daynight":"N","instrument":"VIIRS","brightness":303.94,"satellite":"N","year":2021},"geometry":{"type":"Point","coordinates":[29.60494,4.08826]}},
{"type":"Feature","properties":{"fid":167931,"acq_date":"2021-01-20","acq_time":"2028","bright_t31":276.8,"track":1.0,"version":"6.03","confidence":"100","scan":1.0,"type":"0","frp":28.3,"daynight":"N","instrument":"MODIS","brightness":328.4,"satellite":"Terra","year":2021},"geometry":{"type":"Point","coordinates":[29.6052,4.0789]}},
{"type":"Feature","properties":{"fid":216336,"acq_date":"2021-01-20","acq_time":"1136","bright_t31":297.65,"track":0.39,"version":"2","confidence":"n","scan":0.46,"type":"0","frp":8.56,"daynight":"D","instrument":"VIIRS","brightness":344.06,"satellite":"N","year":2021},"geometry":{"type":"Point","coordinates":[29.60541,4.07572]}},
{"type":"Feature","properties":{"fid":216933,"acq_date":"2021-01-20","acq_time":"2234","bright_t31":278.46,"track":0.77,"version":"2","confidence":"n","scan":0.75,"type":"0","frp":9.8,"daynight":"N","instrument":"VIIRS","brightness":300.93,"satellite":"N","year":2021},"geometry":{"type":"Point","coordinates":[29.60605,4.09245]}},
{"type":"Feature","properties":{"fid":216937,"acq_date":"2021-01-20","acq_time":"2234","bright_t31":279.42,"track":0.77,"version":"2","confidence":"n","scan":0.75,"type":"0","frp":12.21,"daynight":"N","instrument":"VIIRS","brightness":303.07,"satellite":"N","year":2021},"geometry":{"type":"Point","coordinates":[29.60489,4.08531]}},
{"type":"Feature","properties":{"fid":380428,"acq_date":"2024-01-27","acq_time":"2246","bright_t31":286.17,"track":0.64,"version":"2.0NRT","confidence":"n","scan":0.47,"type":null,"frp":1.03,"daynight":"N","instrument":"VIIRS","brightness":298.71,"satellite":"N21","year":2024},"geometry":{"type":"Point","coordinates":[29.59237,4.07837]}},
{"type":"Feature","properties":{"fid":381034,"acq_date":"2024-01-28","acq_time":"1127","bright_t31":297.99,"track":0.37,"version":"2.0NRT","confidence":"n","scan":0.41,"type":null,"frp":3.2,"daynight":"D","instrument":"VIIRS","brightness":333.48,"satellite":"N21","year":2024},"geometry":{"type":"Point","coordinates":[29.59346,4.08228]}},
{"type":"Feature","properties":{"fid":381036,"acq_date":"2024-01-28","acq_time":"1127","bright_t31":301.9,"track":0.37,"version":"2.0NRT","confidence":"n","scan":0.41,"type":null,"frp":8.0,"daynight":"D","instrument":"VIIRS","brightness":337.28,"satellite":"N21","year":2024},"geometry":{"type":"Point","coordinates":[29.59295,4.08565]}},
{"type":"Feature","properties":{"fid":381444,"acq_date":"2024-01-29","acq_time":"1110","bright_t31":292.93,"track":0.39,"version":"2.0NRT","confidence":"n","scan":0.46,"type":null,"frp":4.41,"daynight":"D","instrument":"VIIRS","brightness":334.21,"satellite":"N21","year":2024},"geometry":{"type":"Point","coordinates":[29.60117,4.08923]}},
{"type":"Feature","properties":{"fid":381445,"acq_date":"2024-01-29","acq_time":"1110","bright_t31":296.94,"track":0.39,"version":"2.0NRT","confidence":"n","scan":0.46,"type":null,"frp":4.41,"daynight":"D","instrument":"VIIRS","brightness":339.3,"satellite":"N21","year":2024},"geometry":{"type":"Point","coordinates":[29.59706,4.08859]}},
{"type":"Feature","properties":{"fid":381446,"acq_date":"2024-01-29","acq_time":"1110","bright_t31":296.71,"track":0.39,"version":"2.0NRT","confidence":"n","scan":0.46,"type":null,"frp":5.9,"daynight":"D","instrument":"VIIRS","brightness":332.32,"satellite":"N21","year":2024},"geometry":{"type":"Point","coordinates":[29.59292,4.08795]}},
{"type":"Feature","properties":{"fid":411567,"acq_date":"2025-01-21","acq_time":"2337","bright_t31":290.25,"track":0.38,"version":"2.0NRT","confidence":"n","scan":0.42,"type":null,"frp":3.76,"daynight":"N","instrument":"VIIRS","brightness":300.84,"satellite":"N21","year":2025},"geometry":{"type":"Point","coordinates":[29.59427,4.07877]}},
{"type":"Feature","properties":{"fid":421490,"acq_date":"2025-02-12","acq_time":"2326","bright_t31":283.85,"track":0.36,"version":"2.0NRT","confidence":"n","scan":0.39,"type":null,"frp":1.23,"daynight":"N","instrument":"VIIRS","brightness":307.89,"satellite":"N21","year":2025},"geometry":{"type":"Point","coordinates":[29.59338,4.08336]}},
{"type":"Feature","properties":{"fid":421491,"acq_date":"2025-02-12","acq_time":"2326","bright_t31":284.9,"track":0.36,"version":"2.0NRT","confidence":"n","scan":0.39,"type":null,"frp":0.7,"daynight":"N","instrument":"VIIRS","brightness":305.55,"satellite":"N21","year":2025},"geometry":{"type":"Point","coordinates":[29.60088,4.08559]}},
{"type":"Feature","properties":{"fid":421492,"acq_date":"2025-02-12","acq_time":"2326","bright_t31":284.79,"track":0.36,"version":"2.0NRT","confidence":"n","scan":0.39,"type":null,"frp":1.56,"daynight":"N","instrument":"VIIRS","brightness":316.82,"satellite":"N21","year":2025},"geometry":{"type":"Point","coordinates":[29.60139,4.08892]}},
{"type":"Feature","properties":{"fid":421493,"acq_date":"2025-02-12","acq_time":"2326","bright_t31":285.08,"track":0.36,"version":"2.0NRT","confidence":"n","scan":0.39,"type":null,"frp":2.59,"daynight":"N","instrument":"VIIRS","brightness":322.62,"satellite":"N21","year":2025},"geometry":{"type":"Point","coordinates":[29.5979,4.08946]}},
{"type":"Feature","properties":{"fid":6628,"acq_date":"2021-01-19","acq_time":"1105","bright_t31":300.75,"track":0.43,"version":"2","confidence":"n","scan":0.57,"type":"0","frp":24.56,"daynight":"D","instrument":"VIIRS","brightness":354.07,"satellite":"N20","year":2021},"geometry":{"type":"Point","coordinates":[29.59128,4.08211]}},
{"type":"Feature","properties":{"fid":7036,"acq_date":"2021-01-19","acq_time":"2343","bright_t31":288.79,"track":0.41,"version":"2","confidence":"n","scan":0.5,"type":"0","frp":1.65,"daynight":"N","instrument":"VIIRS","brightness":315.02,"satellite":"N20","year":2021},"geometry":{"type":"Point","coordinates":[29.59369,4.08831]}},
{"type":"Feature","properties":{"fid":316841,"acq_date":"2024-01-27","acq_time":"2313","bright_t31":271.39,"track":0.42,"version":"2","confidence":"n","scan":0.52,"type":"0","frp":1.28,"daynight":"N","instrument":"VIIRS","brightness":302.67,"satellite":"N","year":2024},"geometry":{"type":"Point","coordinates":[29.59266,4.08113]}},
{"type":"Feature","properties":{"fid":351147,"acq_date":"2025-01-22","acq_time":"0003","bright_t31":289.46,"track":0.56,"version":"2","confidence":"n","scan":0.34,"type":"0","frp":1.57,"daynight":"N","instrument":"VIIRS","brightness":313.31,"satellite":"N","year":2025},"geometry":{"type":"Point","coordinates":[29.59355,4.08075]}},
{"type":"Feature","properties":{"fid":7042,"acq_date":"2021-01-19","acq_time":"2343","bright_t31":287.87,"track":0.41,"version":"2","confidence":"n","scan":0.5,"type":"0","frp":1.0,"daynight":"N","instrument":"VIIRS","brightness":302.99,"satellite":"N20","year":2021},"geometry":{"type":"Point","coordinates":[29.59694,4.08016]}},
{"type":"Feature","properties":{"fid":69518,"acq_date":"2023-01-14","acq_time":"0008","bright_t31":285.57,"track":0.62,"version":"2","confidence":"n","scan":0.43,"type":"0","frp":1.14,"daynight":"N","instrument":"VIIRS","brightness":298.48,"satellite":"N20","year":2023},"geometry":{"type":"Point","coordinates":[29.59711,4.08114]}},
{"type":"Feature","properties":{"fid":7038,"acq_date":"2021-01-19","acq_time":"2343","bright_t31":287.41,"track":0.41,"version":"2","confidence":"n","scan":0.5,"type":"0","frp":1.65,"daynight":"N","instrument":"VIIRS","brightness":302.85,"satellite":"N20","year":2021},"geometry":{"type":"Point","coordinates":[29.59754,4.08388]}},
{"type":"Feature","properties":{"fid":279909,"acq_date":"2023-01-13","acq_time":"2320","bright_t31":287.09,"track":0.38,"version":"2","confidence":"n","scan":0.44,"type":"0","frp":1.99,"daynight":"N","instrument":"VIIRS","brightness":305.2,"satellite":"N","year":2023},"geometry":{"type":"Point","coordinates":[29.59773,4.08165]}},
{"type":"Feature","properties":{"fid":7283,"acq_date":"2021-01-20","acq_time":"1046","bright_t31":295.45,"track":0.6,"version":"2","confidence":"n","scan":0.4,"type":"0","frp":6.31,"daynight":"D","instrument":"VIIRS","brightness":355.88,"satellite":"N20","year":2021},"geometry":{"type":"Point","coordinates":[29.59845,4.09079]}},
{"type":"Feature","properties":{"fid":69554,"acq_date":"2023-01-14","acq_time":"0008","bright_t31":285.84,"track":0.62,"version":"2","confidence":"n","scan":0.43,"type":"0","frp":1.49,"daynight":"N","instrument":"VIIRS","brightness":315.4,"satellite":"N20","year":2023},"geometry":{"type":"Point","coordinates":[29.60044,4.07745]}},
{"type":"Feature","properties":{"fid":7045,"acq_date":"2021-01-19","acq_time":"2343","bright_t31":287.64,"track":0.41,"version":"2","confidence":"n","scan":0.5,"type":"0","frp":0.76,"daynight":"N","instrument":"VIIRS","brightness":303.6,"satellite":"N20","year":2021},"geometry":{"type":"Point","coordinates":[29.6008,4.07572]}},
{"type":"Feature","properties":{"fid":69519,"acq_date":"2023-01-14","acq_time":"0008","bright_t31":285.39,"track":0.62,"version":"2","confidence":"n","scan":0.43,"type":"0","frp":1.14,"daynight":"N","instrument":"VIIRS","brightness":300.02,"satellite":"N20","year":2023},"geometry":{"type":"Point","coordinates":[29.60101,4.08046]}},
{"type":"Feature","properties":{"fid":279912,"acq_date":"2023-01-13","acq_time":"2320","bright_t31":287.65,"track":0.38,"version":"2","confidence":"n","scan":0.44,"type":"0","frp":1.99,"daynight":"N","instrument":"VIIRS","brightness":327.72,"satellite":"N","year":2023},"geometry":{"type":"Point","coordinates":[29.60112,4.0775]}},
{"type":"Feature","properties":{"fid":7043,"acq_date":"2021-01-19","acq_time":"2343","bright_t31":287.14,"track":0.41,"version":"2","confidence":"n","scan":0.5,"type":"0","frp":0.76,"daynight":"N","instrument":"VIIRS","brightness":300.96,"satellite":"N20","year":2021},"geometry":{"type":"Point","coordinates":[29.6014,4.07944]}},
{"type":"Feature","properties":{"fid":7282,"acq_date":"2021-01-20","acq_time":"1046","bright_t31":295.05,"track":0.6,"version":"2","confidence":"n","scan":0.4,"type":"0","frp":6.31,"daynight":"D","instrument":"VIIRS","brightness":354.52,"satellite":"N20","year":2021},"geometry":{"type":"Point","coordinates":[29.60192,4.09138]}},
{"type":"Feature","properties":{"fid":69544,"acq_date":"2023-01-14","acq_time":"0008","bright_t31":284.81,"track":0.62,"version":"2","confidence":"n","scan":0.43,"type":"0","frp":1.48,"daynight":"N","instrument":"VIIRS","brightness":303.5,"satellite":"N20","year":2023},"geometry":{"type":"Point","coordinates":[29.60241,4.08873]}},
{"type":"Feature","properties":{"fid":279898,"acq_date":"2023-01-13","acq_time":"2320","bright_t31":286.13,"track":0.38,"version":"2","confidence":"n","scan":0.44,"type":"0","frp":0.7,"daynight":"N","instrument":"VIIRS","brightness":298.67,"satellite":"N","year":2023},"geometry":{"type":"Point","coordinates":[29.60275,4.0881]}},
{"type":"Feature","properties":{"fid":7274,"acq_date":"2021-01-20","acq_time":"1046","bright_t31":296.93,"track":0.6,"version":"2","confidence":"n","scan":0.4,"type":"0","frp":6.31,"daynight":"D","instrument":"VIIRS","brightness":353.79,"satellite":"N20","year":2021},"geometry":{"type":"Point","coordinates":[29.60277,4.08593]}},
{"type":"Feature","properties":{"fid":69505,"acq_date":"2023-01-14","acq_time":"0008","bright_t31":284.77,"track":0.62,"version":"2","confidence":"n","scan":0.43,"type":"0","frp":1.09,"daynight":"N","instrument":"VIIRS","brightness":300.11,"satellite":"N20","year":2023},"geometry":{"type":"Point","coordinates":[29.60291,4.09175]}},
{"type":"Feature","properties":{"fid":279892,"acq_date":"2023-01-13","acq_time":"2320","bright_t31":286.46,"track":0.38,"version":"2","confidence":"n","scan":0.44,"type":"0","frp":1.32,"daynight":"N","instrument":"VIIRS","brightness":308.33,"satellite":"N","year":2023},"geometry":{"type":"Point","coordinates":[29.60329,4.09163]}},
{"type":"Feature","properties":{"fid":7271,"acq_date":"2021-01-20","acq_time":"1046","bright_t31":294.82,"track":0.6,"version":"2","confidence":"n","scan":0.4,"type":"0","frp":5.14,"daynight":"D","instrument":"VIIRS","brightness":347.56,"satellite":"N20","year":2021},"geometry":{"type":"Point","coordinates":[29.60366,4.08049]}},
{"type":"Feature","properties":{"fid":317660,"acq_date":"2024-01-29","acq_time":"1137","bright_t31":293.0,"track":0.4,"version":"2","confidence":"n","scan":0.47,"type":"0","frp":3.34,"daynight":"D","instrument":"VIIRS","brightness":335.71,"satellite":"N","year":2024},"geometry":{"type":"Point","coordinates":[29.60057,4.08644]}},
{"type":"Feature","properties":{"fid":317661,"acq_date":"2024-01-29","acq_time":"1137","bright_t31":292.61,"track":0.4,"version":"2","confidence":"n","scan":0.47,"type":"0","frp":3.34,"daynight":"D","instrument":"VIIRS","brightness":328.36,"satellite":"N","year":2024},"geometry":{"type":"Point","coordinates":[29.60003,4.09008]}},
{"type":"Feature","properties":{"fid":362026,"acq_date":"2025-02-12","acq_time":"2351","bright_t31":278.2,"track":0.45,"version":"2","confidence":"n","scan":0.42,"type":"0","frp":1.33,"daynight":"N","instrument":"VIIRS","brightness":313.31,"satellite":"N","year":2025},"geometry":{"type":"Point","coordinates":[29.59878,4.08963]}},
{"type":"Feature","properties":{"fid":69761,"acq_date":"2023-01-14","acq_time":"1111","bright_t31":309.75,"track":0.39,"version":"2","confidence":"n","scan":0.47,"type":"0","frp":25.15,"daynight":"D","instrument":"VIIRS","brightness":343.62,"satellite":"N20","year":2023},"geometry":{"type":"Point","coordinates":[29.60634,4.08913]}},
{"type":"Feature","properties":{"fid":317662,"acq_date":"2024-01-29","acq_time":"1137","bright_t31":292.75,"track":0.4,"version":"2","confidence":"n","scan":0.47,"type":"0","frp":8.75,"daynight":"D","instrument":"VIIRS","brightness":342.76,"satellite":"N","year":2024},"geometry":{"type":"Point","coordinates":[29.59581,4.08945]}},
{"type":"Feature","properties":{"fid":107563,"acq_date":"2024-01-27","acq_time":"1124","bright_t31":305.61,"track":0.36,"version":"2","confidence":"n","scan":0.38,"type":"0","frp":5.5,"daynight":"D","instrument":"VIIRS","brightness":346.7,"satellite":"N20","year":2024},"geometry":{"type":"Point","coordinates":[29.59266,4.07431]}},
{"type":"Feature","properties":{"fid":107559,"acq_date":"2024-01-27","acq_time":"1124","bright_t31":304.8,"track":0.36,"version":"2","confidence":"n","scan":0.38,"type":"0","frp":5.5,"daynight":"D","instrument":"VIIRS","brightness":339.29,"satellite":"N20","year":2024},"geometry":{"type":"Point","coordinates":[29.59316,4.071]}},
{"type":"Feature","properties":{"fid":215653,"acq_date":"2021-01-19","acq_time":"1155","bright_t31":294.13,"track":0.53,"version":"2","confidence":"n","scan":0.61,"type":"0","frp":13.74,"daynight":"D","instrument":"VIIRS","brightness":338.38,"satellite":"N","year":2021},"geometry":{"type":"Point","coordinates":[29.59407,4.07377]}},
{"type":"Feature","properties":{"fid":185364,"acq_date":"2023-01-13","acq_time":"1943","bright_t31":288.3,"track":1.5,"version":"61.03","confidence":"10","scan":2.5,"type":"0","frp":17.4,"daynight":"N","instrument":"MODIS","brightness":300.8,"satellite":"Terra","year":2023},"geometry":{"type":"Point","coordinates":[29.5973,4.0742]}},
{"type":"Feature","properties":{"fid":215652,"acq_date":"2021-01-19","acq_time":"1155","bright_t31":292.25,"track":0.53,"version":"2","confidence":"n","scan":0.61,"type":"0","frp":13.74,"daynight":"D","instrument":"VIIRS","brightness":341.77,"satellite":"N","year":2021},"geometry":{"type":"Point","coordinates":[29.59975,4.07461]}},
{"type":"Feature","properties":{"fid":216040,"acq_date":"2021-01-19","acq_time":"2253","bright_t31":288.0,"track":0.57,"version":"2","confidence":"n","scan":0.36,"type":"0","frp":1.0,"daynight":"N","instrument":"VIIRS","brightness":308.21,"satellite":"N","year":2021},"geometry":{"type":"Point","coordinates":[29.60018,4.07042]}},
{"type":"Feature","properties":{"fid":152052,"acq_date":"2025-02-12","acq_time":"1135","bright_t31":297.48,"track":0.4,"version":"2","confidence":"n","scan":0.47,"type":"0","frp":25.85,"daynight":"D","instrument":"VIIRS","brightness":353.37,"satellite":"N20","year":2025},"geometry":{"type":"Point","coordinates":[29.60114,4.07421]}},
{"type":"Feature","properties":{"fid":152051,"acq_date":"2025-02-12","acq_time":"1135","bright_t31":297.72,"track":0.4,"version":"2","confidence":"n","scan":0.47,"type":"0","frp":7.25,"daynight":"D","instrument":"VIIRS","brightness":344.64,"satellite":"N20","year":2025},"geometry":{"type":"Point","coordinates":[29.60167,4.07059]}},
{"type":"Feature","properties":{"fid":152021,"acq_date":"2025-02-11","acq_time":"2252","bright_t31":261.9,"track":0.57,"version":"2","confidence":"n","scan":0.36,"type":"0","frp":0.71,"daynight":"N","instrument":"VIIRS","brightness":299.86,"satellite":"N20","year":2025},"geometry":{"type":"Point","coordinates":[29.6029,4.07037]}},
{"type":"Feature","properties":{"fid":380020,"acq_date":"2024-01-27","acq_time":"1149","bright_t31":303.52,"track":0.48,"version":"2.0NRT","confidence":"n","scan":0.48,"type":null,"frp":6.76,"daynight":"D","instrument":"VIIRS","brightness":344.48,"satellite":"N21","year":2024},"geometry":{"type":"Point","coordinates":[29.59203,4.07456]}},
{"type":"Feature","properties":{"fid":381443,"acq_date":"2024-01-29","acq_time":"1110","bright_t31":293.38,"track":0.39,"version":"2.0NRT","confidence":"n","scan":0.46,"type":null,"frp":11.39,"daynight":"D","instrument":"VIIRS","brightness":331.77,"satellite":"N21","year":2024},"geometry":{"type":"Point","coordinates":[29.60393,4.07128]}},
{"type":"Feature","properties":{"fid":411562,"acq_date":"2025-01-21","acq_time":"2337","bright_t31":291.13,"track":0.38,"version":"2.0NRT","confidence":"n","scan":0.42,"type":null,"frp":1.51,"daynight":"N","instrument":"VIIRS","brightness":301.97,"satellite":"N21","year":2025},"geometry":{"type":"Point","coordinates":[29.59315,4.07192]}},
{"type":"Feature","properties":{"fid":185567,"acq_date":"2023-01-14","acq_time":"2024","bright_t31":292.1,"track":1.1,"version":"61.03","confidence":"100","scan":1.3,"type":"0","frp":48.8,"daynight":"N","instrument":"MODIS","brightness":333.5,"satellite":"Terra","year":2023},"geometry":{"type":"Point","coordinates":[29.6056,4.0653]}},
{"type":"Feature","properties":{"fid":69718,"acq_date":"2023-01-14","acq_time":"1111","bright_t31":302.35,"track":0.39,"version":"2","confidence":"n","scan":0.47,"type":"0","frp":5.76,"daynight":"D","instrument":"VIIRS","brightness":342.5,"satellite":"N20","year":2023},"geometry":{"type":"Point","coordinates":[29.58898,4.06422]}},
{"type":"Feature","properties":{"fid":6328,"acq_date":"2021-01-19","acq_time":"0002","bright_t31":288.7,"track":0.56,"version":"2","confidence":"n","scan":0.34,"type":"0","frp":2.44,"daynight":"N","instrument":"VIIRS","brightness":308.02,"satellite":"N20","year":2021},"geometry":{"type":"Point","coordinates":[29.59033,4.06515]}},
{"type":"Feature","properties":{"fid":6324,"acq_date":"2021-01-19","acq_time":"0002","bright_t31":290.05,"track":0.56,"version":"2","confidence":"n","scan":0.34,"type":"0","frp":2.44,"daynight":"N","instrument":"VIIRS","brightness":340.25,"satellite":"N20","year":2021},"geometry":{"type":"Point","coordinates":[29.59093,4.07029]}},
{"type":"Feature","properties":{"fid":6338,"acq_date":"2021-01-19","acq_time":"0002","bright_t31":288.4,"track":0.56,"version":"2","confidence":"n","scan":0.34,"type":"0","frp":1.84,"daynight":"N","instrument":"VIIRS","brightness":310.26,"satellite":"N20","year":2021},"geometry":{"type":"Point","coordinates":[29.59294,4.06699]}},
{"type":"Feature","properties":{"fid":70795,"acq_date":"2023-01-14","acq_time":"2349","bright_t31":289.84,"track":0.45,"version":"2","confidence":"n","scan":0.41,"type":"0","frp":0.63,"daynight":"N","instrument":"VIIRS","brightness":302.18,"satellite":"N20","year":2023},"geometry":{"type":"Point","coordinates":[29.59336,4.06567]}},
{"type":"Feature","properties":{"fid":70786,"acq_date":"2023-01-14","acq_time":"2349","bright_t31":290.12,"track":0.45,"version":"2","confidence":"n","scan":0.41,"type":"0","frp":1.06,"daynight":"N","instrument":"VIIRS","brightness":313.8,"satellite":"N20","year":2023},"geometry":{"type":"Point","coordinates":[29.59395,4.06977]}},
{"type":"Feature","properties":{"fid":6614,"acq_date":"2021-01-19","acq_time":"1105","bright_t31":298.39,"track":0.43,"version":"2","confidence":"n","scan":0.57,"type":"0","frp":5.7,"daynight":"D","instrument":"VIIRS","brightness":343.43,"satellite":"N20","year":2021},"geometry":{"type":"Point","coordinates":[29.59813,4.07106]}},
{"type":"Feature","properties":{"fid":6612,"acq_date":"2021-01-19","acq_time":"1105","bright_t31":296.45,"track":0.43,"version":"2","confidence":"n","scan":0.57,"type":"0","frp":5.7,"daynight":"D","instrument":"VIIRS","brightness":333.27,"satellite":"N20","year":2021},"geometry":{"type":"Point","coordinates":[29.59871,4.06712]}},
{"type":"Feature","properties":{"fid":69559,"acq_date":"2023-01-14","acq_time":"0008","bright_t31":285.34,"track":0.62,"version":"2","confidence":"n","scan":0.43,"type":"0","frp":1.49,"daynight":"N","instrument":"VIIRS","brightness":307.02,"satellite":"N20","year":2023},"geometry":{"type":"Point","coordinates":[29.59947,4.0718]}},
{"type":"Feature","properties":{"fid":7046,"acq_date":"2021-01-19","acq_time":"2343","bright_t31":288.86,"track":0.41,"version":"2","confidence":"n","scan":0.5,"type":"0","frp":2.51,"daynight":"N","instrument":"VIIRS","brightness":318.3,"satellite":"N20","year":2021},"geometry":{"type":"Point","coordinates":[29.60021,4.07201]}},
{"type":"Feature","properties":{"fid":69717,"acq_date":"2023-01-14","acq_time":"1111","bright_t31":306.26,"track":0.39,"version":"2","confidence":"l","scan":0.47,"type":"0","frp":11.9,"daynight":"D","instrument":"VIIRS","brightness":334.3,"satellite":"N20","year":2023},"geometry":{"type":"Point","coordinates":[29.60136,4.06618]}},
{"type":"Feature","properties":{"fid":107551,"acq_date":"2024-01-27","acq_time":"1124","bright_t31":305.44,"track":0.36,"version":"2","confidence":"n","scan":0.38,"type":"0","frp":6.21,"daynight":"D","instrument":"VIIRS","brightness":335.15,"satellite":"N20","year":2024},"geometry":{"type":"Point","coordinates":[29.59366,4.0677]}},
{"type":"Feature","properties":{"fid":152016,"acq_date":"2025-02-11","acq_time":"2252","bright_t31":260.87,"track":0.57,"version":"2","confidence":"n","scan":0.36,"type":"0","frp":0.88,"daynight":"N","instrument":"VIIRS","brightness":299.59,"satellite":"N20","year":2025},"geometry":{"type":"Point","coordinates":[29.60309,4.07]}},
{"type":"Feature","properties":{"fid":215649,"acq_date":"2021-01-19","acq_time":"1155","bright_t31":293.97,"track":0.53,"version":"2","confidence":"n","scan":0.61,"type":"0","frp":13.74,"daynight":"D","instrument":"VIIRS","brightness":337.06,"satellite":"N","year":2021},"geometry":{"type":"Point","coordinates":[29.59484,4.06884]}},
{"type":"Feature","properties":{"fid":280174,"acq_date":"2023-01-14","acq_time":"1203","bright_t31":298.94,"track":0.6,"version":"2","confidence":"h","scan":0.39,"type":"0","frp":6.89,"daynight":"D","instrument":"VIIRS","brightness":367.0,"satellite":"N","year":2023},"geometry":{"type":"Point","coordinates":[29.60365,4.07033]}},
{"type":"Feature","properties":{"fid":280493,"acq_date":"2023-01-14","acq_time":"2301","bright_t31":290.16,"track":0.52,"version":"2","confidence":"n","scan":0.56,"type":"0","frp":0.76,"daynight":"N","instrument":"VIIRS","brightness":300.19,"satellite":"N","year":2023},"geometry":{"type":"Point","coordinates":[29.59108,4.07006]}},
{"type":"Feature","properties":{"fid":280494,"acq_date":"2023-01-14","acq_time":"2301","bright_t31":289.71,"track":0.52,"version":"2","confidence":"n","scan":0.56,"type":"0","frp":0.76,"daynight":"N","instrument":"VIIRS","brightness":303.82,"satellite":"N","year":2023},"geometry":{"type":"Point","coordinates":[29.59586,4.06937]}},
{"type":"Feature","properties":{"fid":280561,"acq_date":"2023-01-14","acq_time":"2301","bright_t31":289.44,"track":0.52,"version":"2","confidence":"n","scan":0.56,"type":"0","frp":0.76,"daynight":"N","instrument":"VIIRS","brightness":301.0,"satellite":"N","year":2023},"geometry":{"type":"Point","coordinates":[29.59504,4.06462]}},
{"type":"Feature","properties":{"fid":280588,"acq_date":"2023-01-14","acq_time":"2301","bright_t31":290.52,"track":0.52,"version":"2","confidence":"n","scan":0.56,"type":"0","frp":1.88,"daynight":"N","instrument":"VIIRS","brightness":311.66,"satellite":"N","year":2023},"geometry":{"type":"Point","coordinates":[29.5941,4.06923]}},
{"type":"Feature","properties":{"fid":316240,"acq_date":"2024-01-27","acq_time":"1034","bright_t31":295.52,"track":0.72,"version":"2","confidence":"n","scan":0.64,"type":"0","frp":8.93,"daynight":"D","instrument":"VIIRS","brightness":346.3,"satellite":"N","year":2024},"geometry":{"type":"Point","coordinates":[29.59488,4.06616]}},
{"type":"Feature","properties":{"fid":316243,"acq_date":"2024-01-27","acq_time":"1034","bright_t31":296.54,"track":0.72,"version":"2","confidence":"n","scan":0.64,"type":"0","frp":10.83,"daynight":"D","instrument":"VIIRS","brightness":349.7,"satellite":"N","year":2024},"geometry":{"type":"Point","coordinates":[29.5941,4.07289]}},
{"type":"Feature","properties":{"fid":361031,"acq_date":"2025-02-11","acq_time":"1131","bright_t31":310.82,"track":0.37,"version":"2","confidence":"n","scan":0.41,"type":"0","frp":21.91,"daynight":"D","instrument":"VIIRS","brightness":350.42,"satellite":"N","year":2025},"geometry":{"type":"Point","coordinates":[29.60367,4.0644]}},
{"type":"Feature","properties":{"fid":361823,"acq_date":"2025-02-12","acq_time":"0009","bright_t31":266.94,"track":0.62,"version":"2","confidence":"n","scan":0.44,"type":"0","frp":1.15,"daynight":"N","instrument":"VIIRS","brightness":298.56,"satellite":"N","year":2025},"geometry":{"type":"Point","coordinates":[29.59703,4.0657]}},
{"type":"Feature","properties":{"fid":379260,"acq_date":"2024-01-26","acq_time":"2305","bright_t31":285.3,"track":0.46,"version":"2.0NRT","confidence":"n","scan":0.44,"type":null,"frp":2.1,"daynight":"N","instrument":"VIIRS","brightness":322.31,"satellite":"N21","year":2024},"geometry":{"type":"Point","coordinates":[29.58731,4.06649]}},
{"type":"Feature","properties":{"fid":380011,"acq_date":"2024-01-27","acq_time":"1149","bright_t31":301.12,"track":0.48,"version":"2.0NRT","confidence":"n","scan":0.48,"type":null,"frp":5.24,"daynight":"D","instrument":"VIIRS","brightness":341.34,"satellite":"N21","year":2024},"geometry":{"type":"Point","coordinates":[29.59352,4.06577]}},
{"type":"Feature","properties":{"fid":380012,"acq_date":"2024-01-27","acq_time":"1149","bright_t31":301.16,"track":0.48,"version":"2.0NRT","confidence":"n","scan":0.48,"type":null,"frp":5.24,"daynight":"D","instrument":"VIIRS","brightness":333.62,"satellite":"N21","year":2024},"geometry":{"type":"Point","coordinates":[29.58904,4.0651]}},
{"type":"Feature","properties":{"fid":380015,"acq_date":"2024-01-27","acq_time":"1149","bright_t31":303.04,"track":0.48,"version":"2.0NRT","confidence":"n","scan":0.48,"type":null,"frp":6.76,"daynight":"D","instrument":"VIIRS","brightness":339.66,"satellite":"N21","year":2024},"geometry":{"type":"Point","coordinates":[29.59269,4.07015]}},
{"type":"Feature","properties":{"fid":381442,"acq_date":"2024-01-29","acq_time":"1110","bright_t31":294.08,"track":0.39,"version":"2.0NRT","confidence":"n","scan":0.46,"type":null,"frp":8.54,"daynight":"D","instrument":"VIIRS","brightness":336.53,"satellite":"N21","year":2024},"geometry":{"type":"Point","coordinates":[29.60446,4.06768]}},
{"type":"Feature","properties":{"fid":411591,"acq_date":"2025-01-21","acq_time":"2337","bright_t31":291.13,"track":0.38,"version":"2.0NRT","confidence":"n","scan":0.42,"type":null,"frp":1.11,"daynight":"N","instrument":"VIIRS","brightness":306.98,"satellite":"N21","year":2025},"geometry":{"type":"Point","coordinates":[29.58831,4.06567]}},
{"type":"Feature","properties":{"fid":69716,"acq_date":"2023-01-14","acq_time":"1111","bright_t31":302.89,"track":0.39,"version":"2","confidence":"n","scan":0.47,"type":"0","frp":7.78,"daynight":"D","instrument":"VIIRS","brightness":333.83,"satellite":"N20","year":2023},"geometry":{"type":"Point","coordinates":[29.60551,4.06684]}},
{"type":"Feature","properties":{"fid":152017,"acq_date":"2025-02-11","acq_time":"2252","bright_t31":263.26,"track":0.57,"version":"2","confidence":"n","scan":0.36,"type":"0","frp":2.72,"daynight":"N","instrument":"VIIRS","brightness":311.37,"satellite":"N20","year":2025},"geometry":{"type":"Point","coordinates":[29.60628,4.06955]}},
{"type":"Feature","properties":{"fid":152022,"acq_date":"2025-02-11","acq_time":"2252","bright_t31":261.36,"track":0.57,"version":"2","confidence":"n","scan":0.36,"type":"0","frp":2.33,"daynight":"N","instrument":"VIIRS","brightness":299.93,"satellite":"N20","year":2025},"geometry":{"type":"Point","coordinates":[29.60608,4.06989]}},
{"type":"Feature","properties":{"fid":69727,"acq_date":"2023-01-14","acq_time":"1111","bright_t31":305.63,"track":0.39,"version":"2","confidence":"n","scan":0.47,"type":"0","frp":7.78,"daynight":"D","instrument":"VIIRS","brightness":343.1,"satellite":"N20","year":2023},"geometry":{"type":"Point","coordinates":[29.60498,4.07045]}},
{"type":"Feature","properties":{"fid":361820,"acq_date":"2025-02-12","acq_time":"0009","bright_t31":270.28,"track":0.62,"version":"2","confidence":"n","scan":0.44,"type":"0","frp":2.79,"daynight":"N","instrument":"VIIRS","brightness":297.07,"satellite":"N","year":2025},"geometry":{"type":"Point","coordinates":[29.60591,4.07008]}},
{"type":"Feature","properties":{"fid":6619,"acq_date":"2021-01-19","acq_time":"1105","bright_t31":296.41,"track":0.43,"version":"2","confidence":"n","scan":0.57,"type":"0","frp":7.78,"daynight":"D","instrument":"VIIRS","brightness":339.2,"satellite":"N20","year":2021},"geometry":{"type":"Point","coordinates":[29.59752,4.07501]}},
{"type":"Feature","properties":{"fid":69527,"acq_date":"2023-01-14","acq_time":"0008","bright_t31":285.65,"track":0.62,"version":"2","confidence":"n","scan":0.43,"type":"0","frp":1.14,"daynight":"N","instrument":"VIIRS","brightness":315.52,"satellite":"N20","year":2023},"geometry":{"type":"Point","coordinates":[29.60004,4.07481]}},
{"type":"Feature","properties":{"fid":279921,"acq_date":"2023-01-13","acq_time":"2320","bright_t31":287.54,"track":0.38,"version":"2","confidence":"n","scan":0.44,"type":"0","frp":2.0,"daynight":"N","instrument":"VIIRS","brightness":316.17,"satellite":"N","year":2023},"geometry":{"type":"Point","coordinates":[29.60059,4.07397]}},
{"type":"Feature","properties":{"fid":7264,"acq_date":"2021-01-20","acq_time":"1046","bright_t31":294.29,"track":0.6,"version":"2","confidence":"n","scan":0.4,"type":"0","frp":5.14,"daynight":"D","instrument":"VIIRS","brightness":331.41,"satellite":"N20","year":2021},"geometry":{"type":"Point","coordinates":[29.60456,4.07506]}},
{"type":"Feature","properties":{"fid":4609,"acq_date":"2021-01-14","acq_time":"2337","bright_t31":290.36,"track":0.38,"version":"2","confidence":"n","scan":0.42,"type":"0","frp":1.39,"daynight":"N","instrument":"VIIRS","brightness":317.15,"satellite":"N20","year":2021},"geometry":{"type":"Point","coordinates":[29.60744,4.12335]}},
{"type":"Feature","properties":{"fid":113326,"acq_date":"2024-02-02","acq_time":"1111","bright_t31":295.56,"track":0.39,"version":"2","confidence":"n","scan":0.46,"type":"0","frp":6.39,"daynight":"D","instrument":"VIIRS","brightness":339.79,"satellite":"N20","year":2024},"geometry":{"type":"Point","coordinates":[29.61883,4.1245]}},
{"type":"Feature","properties":{"fid":4607,"acq_date":"2021-01-14","acq_time":"2337","bright_t31":289.82,"track":0.38,"version":"2","confidence":"n","scan":0.42,"type":"0","frp":4.06,"daynight":"N","instrument":"VIIRS","brightness":310.84,"satellite":"N20","year":2021},"geometry":{"type":"Point","coordinates":[29.6155,4.12559]}},
{"type":"Feature","properties":{"fid":4605,"acq_date":"2021-01-14","acq_time":"2337","bright_t31":290.74,"track":0.38,"version":"2","confidence":"n","scan":0.42,"type":"0","frp":3.37,"daynight":"N","instrument":"VIIRS","brightness":325.34,"satellite":"N20","year":2021},"geometry":{"type":"Point","coordinates":[29.61174,4.12619]}},
{"type":"Feature","properties":{"fid":4604,"acq_date":"2021-01-14","acq_time":"2337","bright_t31":290.81,"track":0.38,"version":"2","confidence":"n","scan":0.42,"type":"0","frp":4.06,"daynight":"N","instrument":"VIIRS","brightness":334.38,"satellite":"N20","year":2021},"geometry":{"type":"Point","coordinates":[29.61982,4.12844]}},
{"type":"Feature","properties":{"fid":4603,"acq_date":"2021-01-14","acq_time":"2337","bright_t31":292.11,"track":0.38,"version":"2","confidence":"n","scan":0.42,"type":"0","frp":4.06,"daynight":"N","instrument":"VIIRS","brightness":338.12,"satellite":"N20","year":2021},"geometry":{"type":"Point","coordinates":[29.61605,4.12904]}},
{"type":"Feature","properties":{"fid":214015,"acq_date":"2021-01-15","acq_time":"1130","bright_t31":293.51,"track":0.37,"version":"2","confidence":"n","scan":0.4,"type":"0","frp":3.92,"daynight":"D","instrument":"VIIRS","brightness":331.07,"satellite":"N","year":2021},"geometry":{"type":"Point","coordinates":[29.62181,4.1279]}},
{"type":"Feature","properties":{"fid":318962,"acq_date":"2024-02-01","acq_time":"2319","bright_t31":272.37,"track":0.38,"version":"2","confidence":"n","scan":0.44,"type":"0","frp":1.59,"daynight":"N","instrument":"VIIRS","brightness":307.74,"satellite":"N","year":2024},"geometry":{"type":"Point","coordinates":[29.60818,4.12887]}},
{"type":"Feature","properties":{"fid":318968,"acq_date":"2024-02-01","acq_time":"2319","bright_t31":272.67,"track":0.38,"version":"2","confidence":"n","scan":0.44,"type":"0","frp":2.15,"daynight":"N","instrument":"VIIRS","brightness":320.8,"satellite":"N","year":2024},"geometry":{"type":"Point","coordinates":[29.61158,4.12474]}},
{"type":"Feature","properties":{"fid":318963,"acq_date":"2024-02-01","acq_time":"2319","bright_t31":271.84,"track":0.38,"version":"2","confidence":"n","scan":0.44,"type":"0","frp":1.33,"daynight":"N","instrument":"VIIRS","brightness":307.13,"satellite":"N","year":2024},"geometry":{"type":"Point","coordinates":[29.61604,4.12765]}},
{"type":"Feature","properties":{"fid":318973,"acq_date":"2024-02-01","acq_time":"2319","bright_t31":272.68,"track":0.38,"version":"2","confidence":"n","scan":0.44,"type":"0","frp":2.15,"daynight":"N","instrument":"VIIRS","brightness":309.03,"satellite":"N","year":2024},"geometry":{"type":"Point","coordinates":[29.61551,4.12413]}},
{"type":"Feature","properties":{"fid":69833,"acq_date":"2023-01-14","acq_time":"1111","bright_t31":300.85,"track":0.39,"version":"2","confidence":"n","scan":0.46,"type":"0","frp":5.25,"daynight":"D","instrument":"VIIRS","brightness":335.03,"satellite":"N20","year":2023},"geometry":{"type":"Point","coordinates":[29.61023,4.11926]}},
{"type":"Feature","properties":{"fid":4611,"acq_date":"2021-01-14","acq_time":"2337","bright_t31":288.96,"track":0.38,"version":"2","confidence":"n","scan":0.42,"type":"0","frp":1.39,"daynight":"N","instrument":"VIIRS","brightness":305.91,"satellite":"N20","year":2021},"geometry":{"type":"Point","coordinates":[29.60689,4.11991]}},
{"type":"Feature","properties":{"fid":148908,"acq_date":"2025-02-04","acq_time":"2323","bright_t31":289.27,"track":0.36,"version":"2","confidence":"n","scan":0.39,"type":"0","frp":2.4,"daynight":"N","instrument":"VIIRS","brightness":326.4,"satellite":"N20","year":2025},"geometry":{"type":"Point","coordinates":[29.61282,4.11039]}},
{"type":"Feature","properties":{"fid":185419,"acq_date":"2023-01-14","acq_time":"0801","bright_t31":300.6,"track":1.2,"version":"61.03","confidence":"69","scan":1.4,"type":"0","frp":19.4,"daynight":"D","instrument":"MODIS","brightness":324.0,"satellite":"Terra","year":2023},"geometry":{"type":"Point","coordinates":[29.6174,4.1173]}},
{"type":"Feature","properties":{"fid":216376,"acq_date":"2021-01-20","acq_time":"1136","bright_t31":306.89,"track":0.39,"version":"2","confidence":"n","scan":0.47,"type":"0","frp":102.92,"daynight":"D","instrument":"VIIRS","brightness":355.37,"satellite":"N","year":2021},"geometry":{"type":"Point","coordinates":[29.61756,4.11903]}},
{"type":"Feature","properties":{"fid":216374,"acq_date":"2021-01-20","acq_time":"1136","bright_t31":334.62,"track":0.39,"version":"2","confidence":"l","scan":0.47,"type":"0","frp":102.92,"daynight":"D","instrument":"VIIRS","brightness":367.0,"satellite":"N","year":2021},"geometry":{"type":"Point","coordinates":[29.6181,4.1154]}},
{"type":"Feature","properties":{"fid":216958,"acq_date":"2021-01-21","acq_time":"0014","bright_t31":267.22,"track":0.68,"version":"2","confidence":"n","scan":0.55,"type":"0","frp":0.81,"daynight":"N","instrument":"VIIRS","brightness":300.71,"satellite":"N","year":2021},"geometry":{"type":"Point","coordinates":[29.61963,4.10647]}},
{"type":"Feature","properties":{"fid":216375,"acq_date":"2021-01-20","acq_time":"1136","bright_t31":300.49,"track":0.39,"version":"2","confidence":"n","scan":0.47,"type":"0","frp":9.14,"daynight":"D","instrument":"VIIRS","brightness":335.56,"satellite":"N","year":2021},"geometry":{"type":"Point","coordinates":[29.62174,4.11964]}},
{"type":"Feature","properties":{"fid":418420,"acq_date":"2025-02-05","acq_time":"1117","bright_t31":302.71,"track":0.37,"version":"2.0NRT","confidence":"h","scan":0.4,"type":null,"frp":10.9,"daynight":"D","instrument":"VIIRS","brightness":367.0,"satellite":"N21","year":2025},"geometry":{"type":"Point","coordinates":[29.61219,4.10432]}},
{"type":"Feature","properties":{"fid":418421,"acq_date":"2025-02-05","acq_time":"1117","bright_t31":299.18,"track":0.37,"version":"2.0NRT","confidence":"n","scan":0.4,"type":null,"frp":9.89,"daynight":"D","instrument":"VIIRS","brightness":347.51,"satellite":"N21","year":2025},"geometry":{"type":"Point","coordinates":[29.61942,4.10543]}},
{"type":"Feature","properties":{"fid":418422,"acq_date":"2025-02-05","acq_time":"1117","bright_t31":299.36,"track":0.37,"version":"2.0NRT","confidence":"n","scan":0.4,"type":null,"frp":10.9,"daynight":"D","instrument":"VIIRS","brightness":336.05,"satellite":"N21","year":2025},"geometry":{"type":"Point","coordinates":[29.61581,4.10487]}},
{"type":"Feature","properties":{"fid":418423,"acq_date":"2025-02-05","acq_time":"1117","bright_t31":297.11,"track":0.37,"version":"2.0NRT","confidence":"n","scan":0.4,"type":null,"frp":9.89,"daynight":"D","instrument":"VIIRS","brightness":341.93,"satellite":"N21","year":2025},"geometry":{"type":"Point","coordinates":[29.61891,4.10881]}},
{"type":"Feature","properties":{"fid":418424,"acq_date":"2025-02-05","acq_time":"1117","bright_t31":303.96,"track":0.37,"version":"2.0NRT","confidence":"n","scan":0.4,"type":null,"frp":8.12,"daynight":"D","instrument":"VIIRS","brightness":349.19,"satellite":"N21","year":2025},"geometry":{"type":"Point","coordinates":[29.61839,4.11218]}},
{"type":"Feature","properties":{"fid":418426,"acq_date":"2025-02-05","acq_time":"1117","bright_t31":300.63,"track":0.37,"version":"2.0NRT","confidence":"n","scan":0.4,"type":null,"frp":8.12,"daynight":"D","instrument":"VIIRS","brightness":339.69,"satellite":"N21","year":2025},"geometry":{"type":"Point","coordinates":[29.61789,4.11556]}},
{"type":"Feature","properties":{"fid":7634,"acq_date":"2021-01-20","acq_time":"2324","bright_t31":281.23,"track":0.36,"version":"2","confidence":"n","scan":0.39,"type":"0","frp":0.9,"daynight":"N","instrument":"VIIRS","brightness":298.64,"satellite":"N20","year":2021},"geometry":{"type":"Point","coordinates":[29.61275,4.10353]}},
{"type":"Feature","properties":{"fid":7630,"acq_date":"2021-01-20","acq_time":"2324","bright_t31":283.71,"track":0.36,"version":"2","confidence":"n","scan":0.39,"type":"0","frp":1.69,"daynight":"N","instrument":"VIIRS","brightness":326.78,"satellite":"N20","year":2021},"geometry":{"type":"Point","coordinates":[29.62027,4.10576]}},
{"type":"Feature","properties":{"fid":7629,"acq_date":"2021-01-20","acq_time":"2324","bright_t31":282.8,"track":0.36,"version":"2","confidence":"n","scan":0.39,"type":"0","frp":1.69,"daynight":"N","instrument":"VIIRS","brightness":309.27,"satellite":"N20","year":2021},"geometry":{"type":"Point","coordinates":[29.62079,4.10909]}},
{"type":"Feature","properties":{"fid":358247,"acq_date":"2025-02-04","acq_time":"2300","bright_t31":288.48,"track":0.51,"version":"2","confidence":"n","scan":0.54,"type":"0","frp":1.27,"daynight":"N","instrument":"VIIRS","brightness":316.69,"satellite":"N","year":2025},"geometry":{"type":"Point","coordinates":[29.61316,4.10996]}},
{"type":"Feature","properties":{"fid":358253,"acq_date":"2025-02-04","acq_time":"2300","bright_t31":288.25,"track":0.51,"version":"2","confidence":"n","scan":0.54,"type":"0","frp":2.13,"daynight":"N","instrument":"VIIRS","brightness":312.76,"satellite":"N","year":2025},"geometry":{"type":"Point","coordinates":[29.6114,4.10897]}},
{"type":"Feature","properties":{"fid":167940,"acq_date":"2021-01-20","acq_time":"2323","bright_t31":280.6,"track":1.2,"version":"6.03","confidence":"58","scan":1.5,"type":"0","frp":13.4,"daynight":"N","instrument":"MODIS","brightness":305.2,"satellite":"Aqua","year":2021},"geometry":{"type":"Point","coordinates":[29.6074,4.0869]}},
{"type":"Feature","properties":{"fid":216921,"acq_date":"2021-01-20","acq_time":"2234","bright_t31":282.22,"track":0.77,"version":"2","confidence":"h","scan":0.75,"type":"0","frp":14.04,"daynight":"N","instrument":"VIIRS","brightness":367.0,"satellite":"N","year":2021},"geometry":{"type":"Point","coordinates":[29.6119,4.0873]}},
{"type":"Feature","properties":{"fid":167932,"acq_date":"2021-01-20","acq_time":"2028","bright_t31":278.3,"track":1.0,"version":"6.03","confidence":"74","scan":1.0,"type":"0","frp":14.4,"daynight":"N","instrument":"MODIS","brightness":314.6,"satellite":"Terra","year":2021},"geometry":{"type":"Point","coordinates":[29.6128,4.0891]}},
{"type":"Feature","properties":{"fid":216931,"acq_date":"2021-01-20","acq_time":"2234","bright_t31":280.7,"track":0.77,"version":"2","confidence":"h","scan":0.75,"type":"0","frp":9.8,"daynight":"N","instrument":"VIIRS","brightness":367.0,"satellite":"N","year":2021},"geometry":{"type":"Point","coordinates":[29.61298,4.09145]}},
{"type":"Feature","properties":{"fid":216918,"acq_date":"2021-01-20","acq_time":"2234","bright_t31":276.35,"track":0.77,"version":"2","confidence":"n","scan":0.75,"type":"0","frp":4.83,"daynight":"N","instrument":"VIIRS","brightness":345.45,"satellite":"N","year":2021},"geometry":{"type":"Point","coordinates":[29.61313,4.09443]}},
{"type":"Feature","properties":{"fid":167321,"acq_date":"2021-01-17","acq_time":"0912","bright_t31":296.9,"track":1.9,"version":"6.03","confidence":"77","scan":4.1,"type":"0","frp":113.1,"daynight":"D","instrument":"MODIS","brightness":324.3,"satellite":"Terra","year":2021},"geometry":{"type":"Point","coordinates":[29.6152,4.0862]}},
{"type":"Feature","properties":{"fid":216922,"acq_date":"2021-01-20","acq_time":"2234","bright_t31":277.32,"track":0.77,"version":"2","confidence":"n","scan":0.75,"type":"0","frp":14.04,"daynight":"N","instrument":"VIIRS","brightness":331.85,"satellite":"N","year":2021},"geometry":{"type":"Point","coordinates":[29.61899,4.08632]}},
{"type":"Feature","properties":{"fid":216934,"acq_date":"2021-01-20","acq_time":"2234","bright_t31":276.36,"track":0.77,"version":"2","confidence":"n","scan":0.75,"type":"0","frp":7.27,"daynight":"N","instrument":"VIIRS","brightness":317.82,"satellite":"N","year":2021},"geometry":{"type":"Point","coordinates":[29.62005,4.09043]}},
{"type":"Feature","properties":{"fid":216920,"acq_date":"2021-01-20","acq_time":"2234","bright_t31":274.14,"track":0.77,"version":"2","confidence":"n","scan":0.75,"type":"0","frp":4.83,"daynight":"N","instrument":"VIIRS","brightness":306.94,"satellite":"N","year":2021},"geometry":{"type":"Point","coordinates":[29.62018,4.09346]}},
{"type":"Feature","properties":{"fid":167941,"acq_date":"2021-01-20","acq_time":"2323","bright_t31":282.7,"track":1.2,"version":"6.03","confidence":"100","scan":1.5,"type":"0","frp":61.7,"daynight":"N","instrument":"MODIS","brightness":333.3,"satellite":"Aqua","year":2021},"geometry":{"type":"Point","coordinates":[29.6205,4.085]}},
{"type":"Feature","properties":{"fid":216960,"acq_date":"2021-01-21","acq_time":"0014","bright_t31":269.47,"track":0.68,"version":"2","confidence":"n","scan":0.54,"type":"0","frp":1.23,"daynight":"N","instrument":"VIIRS","brightness":296.96,"satellite":"N","year":2021},"geometry":{"type":"Point","coordinates":[29.61258,4.09477]}},
{"type":"Feature","properties":{"fid":216961,"acq_date":"2021-01-21","acq_time":"0014","bright_t31":271.0,"track":0.68,"version":"2","confidence":"n","scan":0.55,"type":"0","frp":1.23,"daynight":"N","instrument":"VIIRS","brightness":297.06,"satellite":"N","year":2021},"geometry":{"type":"Point","coordinates":[29.61757,4.09389]}},
{"type":"Feature","properties":{"fid":216962,"acq_date":"2021-01-21","acq_time":"0014","bright_t31":270.28,"track":0.68,"version":"2","confidence":"n","scan":0.54,"type":"0","frp":1.65,"daynight":"N","instrument":"VIIRS","brightness":298.24,"satellite":"N","year":2021},"geometry":{"type":"Point","coordinates":[29.6116,4.08848]}},
{"type":"Feature","properties":{"fid":216963,"acq_date":"2021-01-21","acq_time":"0014","bright_t31":271.77,"track":0.68,"version":"2","confidence":"n","scan":0.55,"type":"0","frp":1.65,"daynight":"N","instrument":"VIIRS","brightness":295.54,"satellite":"N","year":2021},"geometry":{"type":"Point","coordinates":[29.61655,4.0876]}},
{"type":"Feature","properties":{"fid":216964,"acq_date":"2021-01-21","acq_time":"0014","bright_t31":271.0,"track":0.68,"version":"2","confidence":"n","scan":0.55,"type":"0","frp":1.49,"daynight":"N","instrument":"VIIRS","brightness":297.18,"satellite":"N","year":2021},"geometry":{"type":"Point","coordinates":[29.62149,4.08673]}},
{"type":"Feature","properties":{"fid":216967,"acq_date":"2021-01-21","acq_time":"0014","bright_t31":271.89,"track":0.68,"version":"2","confidence":"n","scan":0.55,"type":"0","frp":0.9,"daynight":"N","instrument":"VIIRS","brightness":302.39,"satellite":"N","year":2021},"geometry":{"type":"Point","coordinates":[29.61589,4.09067]}},
{"type":"Feature","properties":{"fid":216968,"acq_date":"2021-01-21","acq_time":"0014","bright_t31":271.43,"track":0.68,"version":"2","confidence":"n","scan":0.55,"type":"0","frp":0.9,"daynight":"N","instrument":"VIIRS","brightness":300.48,"satellite":"N","year":2021},"geometry":{"type":"Point","coordinates":[29.62085,4.08983]}},
{"type":"Feature","properties":{"fid":37275,"acq_date":"2022-01-04","acq_time":"1142","bright_t31":300.44,"track":0.43,"version":"2","confidence":"n","scan":0.56,"type":"0","frp":4.76,"daynight":"D","instrument":"VIIRS","brightness":331.54,"satellite":"N20","year":2022},"geometry":{"type":"Point","coordinates":[29.60764,4.09938]}},
{"type":"Feature","properties":{"fid":185369,"acq_date":"2023-01-13","acq_time":"1943","bright_t31":288.1,"track":1.5,"version":"61.03","confidence":"15","scan":2.5,"type":"0","frp":22.6,"daynight":"N","instrument":"MODIS","brightness":304.1,"satellite":"Terra","year":2023},"geometry":{"type":"Point","coordinates":[29.6094,4.0989]}},
{"type":"Feature","properties":{"fid":167934,"acq_date":"2021-01-20","acq_time":"2028","bright_t31":275.9,"track":1.0,"version":"6.03","confidence":"100","scan":1.0,"type":"0","frp":20.9,"daynight":"N","instrument":"MODIS","brightness":321.4,"satellite":"Terra","year":2021},"geometry":{"type":"Point","coordinates":[29.6115,4.098]}},
{"type":"Feature","properties":{"fid":216929,"acq_date":"2021-01-20","acq_time":"2234","bright_t31":274.67,"track":0.77,"version":"2","confidence":"n","scan":0.75,"type":"0","frp":9.8,"daynight":"N","instrument":"VIIRS","brightness":327.33,"satellite":"N","year":2021},"geometry":{"type":"Point","coordinates":[29.61419,4.09858]}},
{"type":"Feature","properties":{"fid":216917,"acq_date":"2021-01-20","acq_time":"2234","bright_t31":272.7,"track":0.77,"version":"2","confidence":"n","scan":0.75,"type":"0","frp":4.83,"daynight":"N","instrument":"VIIRS","brightness":308.88,"satellite":"N","year":2021},"geometry":{"type":"Point","coordinates":[29.61438,4.10157]}},
{"type":"Feature","properties":{"fid":216965,"acq_date":"2021-01-21","acq_time":"0014","bright_t31":270.88,"track":0.68,"version":"2","confidence":"n","scan":0.55,"type":"0","frp":0.9,"daynight":"N","instrument":"VIIRS","brightness":298.82,"satellite":"N","year":2021},"geometry":{"type":"Point","coordinates":[29.61693,4.09696]}},
{"type":"Feature","properties":{"fid":216959,"acq_date":"2021-01-21","acq_time":"0014","bright_t31":269.15,"track":0.68,"version":"2","confidence":"n","scan":0.55,"type":"0","frp":1.23,"daynight":"N","instrument":"VIIRS","brightness":298.05,"satellite":"N","year":2021},"geometry":{"type":"Point","coordinates":[29.61859,4.10018]}},
{"type":"Feature","properties":{"fid":185583,"acq_date":"2023-01-14","acq_time":"2024","bright_t31":293.8,"track":1.1,"version":"61.03","confidence":"100","scan":1.3,"type":"0","frp":107.3,"daynight":"N","instrument":"MODIS","brightness":354.2,"satellite":"Terra","year":2023},"geometry":{"type":"Point","coordinates":[29.6192,4.0969]}},
{"type":"Feature","properties":{"fid":167933,"acq_date":"2021-01-20","acq_time":"2028","bright_t31":272.7,"track":1.0,"version":"6.03","confidence":"65","scan":1.0,"type":"0","frp":10.2,"daynight":"N","instrument":"MODIS","brightness":308.6,"satellite":"Terra","year":2021},"geometry":{"type":"Point","coordinates":[29.6204,4.0993]}},
{"type":"Feature","properties":{"fid":216930,"acq_date":"2021-01-20","acq_time":"2234","bright_t31":273.73,"track":0.77,"version":"2","confidence":"n","scan":0.75,"type":"0","frp":7.27,"daynight":"N","instrument":"VIIRS","brightness":299.55,"satellite":"N","year":2021},"geometry":{"type":"Point","coordinates":[29.62121,4.09757]}},
{"type":"Feature","properties":{"fid":216966,"acq_date":"2021-01-21","acq_time":"0014","bright_t31":270.6,"track":0.68,"version":"2","confidence":"n","scan":0.55,"type":"0","frp":0.9,"daynight":"N","instrument":"VIIRS","brightness":298.1,"satellite":"N","year":2021},"geometry":{"type":"Point","coordinates":[29.62188,4.09612]}},
{"type":"Feature","properties":{"fid":418417,"acq_date":"2025-02-05","acq_time":"1117","bright_t31":301.78,"track":0.37,"version":"2.0NRT","confidence":"n","scan":0.4,"type":null,"frp":28.68,"daynight":"D","instrument":"VIIRS","brightness":349.78,"satellite":"N21","year":2025},"geometry":{"type":"Point","coordinates":[29.61993,4.10205]}},
{"type":"Feature","properties":{"fid":418418,"acq_date":"2025-02-05","acq_time":"1117","bright_t31":300.81,"track":0.37,"version":"2.0NRT","confidence":"n","scan":0.4,"type":null,"frp":7.66,"daynight":"D","instrument":"VIIRS","brightness":354.62,"satellite":"N21","year":2025},"geometry":{"type":"Point","coordinates":[29.61632,4.10149]}},
{"type":"Feature","properties":{"fid":418419,"acq_date":"2025-02-05","acq_time":"1117","bright_t31":297.04,"track":0.37,"version":"2.0NRT","confidence":"n","scan":0.4,"type":null,"frp":7.66,"daynight":"D","instrument":"VIIRS","brightness":332.68,"satellite":"N21","year":2025},"geometry":{"type":"Point","coordinates":[29.6127,4.10094]}},
{"type":"Feature","properties":{"fid":7657,"acq_date":"2021-01-20","acq_time":"2324","bright_t31":282.81,"track":0.36,"version":"2","confidence":"n","scan":0.39,"type":"0","frp":0.85,"daynight":"N","instrument":"VIIRS","brightness":304.98,"satellite":"N20","year":2021},"geometry":{"type":"Point","coordinates":[29.61014,4.08688]}},
{"type":"Feature","properties":{"fid":7655,"acq_date":"2021-01-20","acq_time":"2324","bright_t31":293.45,"track":0.36,"version":"2","confidence":"n","scan":0.39,"type":"0","frp":14.09,"daynight":"N","instrument":"VIIRS","brightness":349.29,"satellite":"N20","year":2021},"geometry":{"type":"Point","coordinates":[29.61365,4.08633]}},
{"type":"Feature","properties":{"fid":7658,"acq_date":"2021-01-20","acq_time":"2324","bright_t31":284.59,"track":0.36,"version":"2","confidence":"n","scan":0.39,"type":"0","frp":14.09,"daynight":"N","instrument":"VIIRS","brightness":313.83,"satellite":"N20","year":2021},"geometry":{"type":"Point","coordinates":[29.61715,4.08579]}},
{"type":"Feature","properties":{"fid":7654,"acq_date":"2021-01-20","acq_time":"2324","bright_t31":283.87,"track":0.36,"version":"2","confidence":"n","scan":0.39,"type":"0","frp":14.09,"daynight":"N","instrument":"VIIRS","brightness":309.21,"satellite":"N20","year":2021},"geometry":{"type":"Point","coordinates":[29.61767,4.08911]}},
{"type":"Feature","properties":{"fid":7656,"acq_date":"2021-01-20","acq_time":"2324","bright_t31":284.43,"track":0.36,"version":"2","confidence":"n","scan":0.39,"type":"0","frp":2.84,"daynight":"N","instrument":"VIIRS","brightness":334.23,"satellite":"N20","year":2021},"geometry":{"type":"Point","coordinates":[29.62066,4.08524]}},
{"type":"Feature","properties":{"fid":7649,"acq_date":"2021-01-20","acq_time":"2324","bright_t31":283.1,"track":0.36,"version":"2","confidence":"n","scan":0.39,"type":"0","frp":2.84,"daynight":"N","instrument":"VIIRS","brightness":329.79,"satellite":"N20","year":2021},"geometry":{"type":"Point","coordinates":[29.62117,4.08857]}},
{"type":"Feature","properties":{"fid":7648,"acq_date":"2021-01-20","acq_time":"2324","bright_t31":290.44,"track":0.36,"version":"2","confidence":"n","scan":0.39,"type":"0","frp":14.09,"daynight":"N","instrument":"VIIRS","brightness":341.16,"satellite":"N20","year":2021},"geometry":{"type":"Point","coordinates":[29.61417,4.08966]}},
{"type":"Feature","properties":{"fid":7653,"acq_date":"2021-01-20","acq_time":"2324","bright_t31":282.31,"track":0.36,"version":"2","confidence":"n","scan":0.39,"type":"0","frp":0.85,"daynight":"N","instrument":"VIIRS","brightness":303.45,"satellite":"N20","year":2021},"geometry":{"type":"Point","coordinates":[29.61066,4.09021]}},
{"type":"Feature","properties":{"fid":7645,"acq_date":"2021-01-20","acq_time":"2324","bright_t31":282.49,"track":0.36,"version":"2","confidence":"n","scan":0.39,"type":"0","frp":2.2,"daynight":"N","instrument":"VIIRS","brightness":329.49,"satellite":"N20","year":2021},"geometry":{"type":"Point","coordinates":[29.6217,4.09189]}},
{"type":"Feature","properties":{"fid":7647,"acq_date":"2021-01-20","acq_time":"2324","bright_t31":281.21,"track":0.36,"version":"2","confidence":"n","scan":0.39,"type":"0","frp":5.33,"daynight":"N","instrument":"VIIRS","brightness":313.69,"satellite":"N20","year":2021},"geometry":{"type":"Point","coordinates":[29.61819,4.09244]}},
{"type":"Feature","properties":{"fid":7644,"acq_date":"2021-01-20","acq_time":"2324","bright_t31":287.01,"track":0.36,"version":"2","confidence":"n","scan":0.39,"type":"0","frp":5.33,"daynight":"N","instrument":"VIIRS","brightness":338.76,"satellite":"N20","year":2021},"geometry":{"type":"Point","coordinates":[29.61469,4.09299]}},
{"type":"Feature","properties":{"fid":7646,"acq_date":"2021-01-20","acq_time":"2324","bright_t31":281.89,"track":0.36,"version":"2","confidence":"n","scan":0.39,"type":"0","frp":0.5,"daynight":"N","instrument":"VIIRS","brightness":299.03,"satellite":"N20","year":2021},"geometry":{"type":"Point","coordinates":[29.61119,4.09354]}},
{"type":"Feature","properties":{"fid":5482,"acq_date":"2021-01-17","acq_time":"2240","bright_t31":286.87,"track":0.7,"version":"2","confidence":"n","scan":0.59,"type":"0","frp":1.52,"daynight":"N","instrument":"VIIRS","brightness":308.92,"satellite":"N20","year":2021},"geometry":{"type":"Point","coordinates":[29.62042,4.09575]}},
{"type":"Feature","properties":{"fid":7640,"acq_date":"2021-01-20","acq_time":"2324","bright_t31":281.55,"track":0.36,"version":"2","confidence":"n","scan":0.39,"type":"0","frp":5.33,"daynight":"N","instrument":"VIIRS","brightness":331.14,"satellite":"N20","year":2021},"geometry":{"type":"Point","coordinates":[29.61871,4.09577]}},
{"type":"Feature","properties":{"fid":7639,"acq_date":"2021-01-20","acq_time":"2324","bright_t31":283.06,"track":0.36,"version":"2","confidence":"n","scan":0.39,"type":"0","frp":5.33,"daynight":"N","instrument":"VIIRS","brightness":335.52,"satellite":"N20","year":2021},"geometry":{"type":"Point","coordinates":[29.61521,4.09632]}},
{"type":"Feature","properties":{"fid":7642,"acq_date":"2021-01-20","acq_time":"2324","bright_t31":281.5,"track":0.36,"version":"2","confidence":"n","scan":0.39,"type":"0","frp":0.5,"daynight":"N","instrument":"VIIRS","brightness":301.73,"satellite":"N20","year":2021},"geometry":{"type":"Point","coordinates":[29.6117,4.09687]}},
{"type":"Feature","properties":{"fid":7637,"acq_date":"2021-01-20","acq_time":"2324","bright_t31":282.92,"track":0.36,"version":"2","confidence":"n","scan":0.39,"type":"0","frp":2.56,"daynight":"N","instrument":"VIIRS","brightness":322.15,"satellite":"N20","year":2021},"geometry":{"type":"Point","coordinates":[29.61923,4.0991]}},
{"type":"Feature","properties":{"fid":7636,"acq_date":"2021-01-20","acq_time":"2324","bright_t31":281.63,"track":0.36,"version":"2","confidence":"n","scan":0.39,"type":"0","frp":2.56,"daynight":"N","instrument":"VIIRS","brightness":329.33,"satellite":"N20","year":2021},"geometry":{"type":"Point","coordinates":[29.61573,4.09965]}},
{"type":"Feature","properties":{"fid":7635,"acq_date":"2021-01-20","acq_time":"2324","bright_t31":281.73,"track":0.36,"version":"2","confidence":"n","scan":0.39,"type":"0","frp":0.9,"daynight":"N","instrument":"VIIRS","brightness":321.8,"satellite":"N20","year":2021},"geometry":{"type":"Point","coordinates":[29.61223,4.1002]}},
{"type":"Feature","properties":{"fid":7631,"acq_date":"2021-01-20","acq_time":"2324","bright_t31":283.47,"track":0.36,"version":"2","confidence":"n","scan":0.39,"type":"0","frp":2.56,"daynight":"N","instrument":"VIIRS","brightness":329.69,"satellite":"N20","year":2021},"geometry":{"type":"Point","coordinates":[29.61975,4.10243]}},
{"type":"Feature","properties":{"fid":70742,"acq_date":"2023-01-14","acq_time":"2349","bright_t31":288.33,"track":0.45,"version":"2","confidence":"n","scan":0.41,"type":"0","frp":3.21,"daynight":"N","instrument":"VIIRS","brightness":307.73,"satellite":"N20","year":2023},"geometry":{"type":"Point","coordinates":[29.62123,4.09885]}},
{"type":"Feature","properties":{"fid":70748,"acq_date":"2023-01-14","acq_time":"2349","bright_t31":288.69,"track":0.45,"version":"2","confidence":"n","scan":0.41,"type":"0","frp":1.48,"daynight":"N","instrument":"VIIRS","brightness":310.09,"satellite":"N20","year":2023},"geometry":{"type":"Point","coordinates":[29.62058,4.09476]}},
{"type":"Feature","properties":{"fid":280672,"acq_date":"2023-01-14","acq_time":"2301","bright_t31":289.26,"track":0.51,"version":"2","confidence":"n","scan":0.56,"type":"0","frp":5.62,"daynight":"N","instrument":"VIIRS","brightness":320.88,"satellite":"N","year":2023},"geometry":{"type":"Point","coordinates":[29.62127,4.09971]}},
{"type":"Feature","properties":{"fid":280679,"acq_date":"2023-01-14","acq_time":"2301","bright_t31":289.84,"track":0.51,"version":"2","confidence":"n","scan":0.56,"type":"0","frp":5.08,"daynight":"N","instrument":"VIIRS","brightness":326.73,"satellite":"N","year":2023},"geometry":{"type":"Point","coordinates":[29.62053,4.09496]}},
{"type":"Feature","properties":{"fid":280687,"acq_date":"2023-01-14","acq_time":"2301","bright_t31":288.14,"track":0.52,"version":"2","confidence":"n","scan":0.56,"type":"0","frp":1.01,"daynight":"N","instrument":"VIIRS","brightness":303.72,"satellite":"N","year":2023},"geometry":{"type":"Point","coordinates":[29.6096,4.0917]}},
{"type":"Feature","properties":{"fid":167325,"acq_date":"2021-01-17","acq_time":"0912","bright_t31":296.1,"track":1.9,"version":"6.03","confidence":"85","scan":4.1,"type":"0","frp":207.1,"daynight":"D","instrument":"MODIS","brightness":333.9,"satellite":"Terra","year":2021},"geometry":{"type":"Point","coordinates":[29.6079,4.0819]}},
{"type":"Feature","properties":{"fid":216335,"acq_date":"2021-01-20","acq_time":"1136","bright_t31":296.32,"track":0.39,"version":"2","confidence":"n","scan":0.46,"type":"0","frp":18.81,"daynight":"D","instrument":"VIIRS","brightness":338.47,"satellite":"N","year":2021},"geometry":{"type":"Point","coordinates":[29.60961,4.07635]}},
{"type":"Feature","properties":{"fid":216329,"acq_date":"2021-01-20","acq_time":"1136","bright_t31":304.26,"track":0.39,"version":"2","confidence":"n","scan":0.46,"type":"0","frp":18.81,"daynight":"D","instrument":"VIIRS","brightness":341.6,"satellite":"N","year":2021},"geometry":{"type":"Point","coordinates":[29.61015,4.07272]}},
{"type":"Feature","properties":{"fid":185575,"acq_date":"2023-01-14","acq_time":"2024","bright_t31":291.2,"track":1.1,"version":"61.03","confidence":"84","scan":1.3,"type":"0","frp":22.6,"daynight":"N","instrument":"MODIS","brightness":318.5,"satellite":"Terra","year":2023},"geometry":{"type":"Point","coordinates":[29.6103,4.075]}},
{"type":"Feature","properties":{"fid":216925,"acq_date":"2021-01-20","acq_time":"2234","bright_t31":281.21,"track":0.77,"version":"2","confidence":"n","scan":0.75,"type":"0","frp":14.04,"daynight":"N","instrument":"VIIRS","brightness":343.56,"satellite":"N","year":2021},"geometry":{"type":"Point","coordinates":[29.61077,4.08015]}},
{"type":"Feature","properties":{"fid":216935,"acq_date":"2021-01-20","acq_time":"2234","bright_t31":282.18,"track":0.77,"version":"2","confidence":"h","scan":0.75,"type":"0","frp":12.21,"daynight":"N","instrument":"VIIRS","brightness":367.0,"satellite":"N","year":2021},"geometry":{"type":"Point","coordinates":[29.61183,4.08431]}},
{"type":"Feature","properties":{"fid":167930,"acq_date":"2021-01-20","acq_time":"2028","bright_t31":278.4,"track":1.0,"version":"6.03","confidence":"100","scan":1.0,"type":"0","frp":31.8,"daynight":"N","instrument":"MODIS","brightness":331.2,"satellite":"Terra","year":2021},"geometry":{"type":"Point","coordinates":[29.6141,4.0801]}},
{"type":"Feature","properties":{"fid":216926,"acq_date":"2021-01-20","acq_time":"2234","bright_t31":279.33,"track":0.77,"version":"2","confidence":"n","scan":0.75,"type":"0","frp":14.04,"daynight":"N","instrument":"VIIRS","brightness":324.36,"satellite":"N","year":2021},"geometry":{"type":"Point","coordinates":[29.6178,4.07918]}},
{"type":"Feature","properties":{"fid":216936,"acq_date":"2021-01-20","acq_time":"2234","bright_t31":279.83,"track":0.77,"version":"2","confidence":"n","scan":0.75,"type":"0","frp":7.35,"daynight":"N","instrument":"VIIRS","brightness":343.66,"satellite":"N","year":2021},"geometry":{"type":"Point","coordinates":[29.61889,4.08329]}},
{"type":"Feature","properties":{"fid":216939,"acq_date":"2021-01-20","acq_time":"2234","bright_t31":280.8,"track":0.77,"version":"2","confidence":"n","scan":0.75,"type":"0","frp":12.21,"daynight":"N","instrument":"VIIRS","brightness":321.75,"satellite":"N","year":2021},"geometry":{"type":"Point","coordinates":[29.61074,4.07716]}},
{"type":"Feature","properties":{"fid":216940,"acq_date":"2021-01-20","acq_time":"2234","bright_t31":278.91,"track":0.77,"version":"2","confidence":"n","scan":0.75,"type":"0","frp":7.35,"daynight":"N","instrument":"VIIRS","brightness":297.11,"satellite":"N","year":2021},"geometry":{"type":"Point","coordinates":[29.61773,4.07615]}},
{"type":"Feature","properties":{"fid":216969,"acq_date":"2021-01-21","acq_time":"0014","bright_t31":272.11,"track":0.68,"version":"2","confidence":"n","scan":0.55,"type":"0","frp":1.18,"daynight":"N","instrument":"VIIRS","brightness":300.81,"satellite":"N","year":2021},"geometry":{"type":"Point","coordinates":[29.61486,4.08437]}},
{"type":"Feature","properties":{"fid":216970,"acq_date":"2021-01-21","acq_time":"0014","bright_t31":271.24,"track":0.68,"version":"2","confidence":"n","scan":0.55,"type":"0","frp":1.18,"daynight":"N","instrument":"VIIRS","brightness":301.99,"satellite":"N","year":2021},"geometry":{"type":"Point","coordinates":[29.61981,4.08354]}},
{"type":"Feature","properties":{"fid":421512,"acq_date":"2025-02-13","acq_time":"1208","bright_t31":293.72,"track":0.66,"version":"2.0NRT","confidence":"h","scan":0.52,"type":null,"frp":9.57,"daynight":"D","instrument":"VIIRS","brightness":367.0,"satellite":"N21","year":2025},"geometry":{"type":"Point","coordinates":[29.61828,4.06694]}},
{"type":"Feature","properties":{"fid":7661,"acq_date":"2021-01-20","acq_time":"2324","bright_t31":282.86,"track":0.36,"version":"2","confidence":"n","scan":0.39,"type":"0","frp":1.04,"daynight":"N","instrument":"VIIRS","brightness":302.76,"satellite":"N20","year":2021},"geometry":{"type":"Point","coordinates":[29.60962,4.08355]}},
{"type":"Feature","properties":{"fid":7665,"acq_date":"2021-01-20","acq_time":"2324","bright_t31":284.63,"track":0.36,"version":"2","confidence":"n","scan":0.39,"type":"0","frp":1.1,"daynight":"N","instrument":"VIIRS","brightness":305.25,"satellite":"N20","year":2021},"geometry":{"type":"Point","coordinates":[29.61209,4.07635]}},
{"type":"Feature","properties":{"fid":7663,"acq_date":"2021-01-20","acq_time":"2324","bright_t31":284.81,"track":0.36,"version":"2","confidence":"n","scan":0.39,"type":"0","frp":7.43,"daynight":"N","instrument":"VIIRS","brightness":318.81,"satellite":"N20","year":2021},"geometry":{"type":"Point","coordinates":[29.61261,4.07968]}},
{"type":"Feature","properties":{"fid":7659,"acq_date":"2021-01-20","acq_time":"2324","bright_t31":290.7,"track":0.36,"version":"2","confidence":"n","scan":0.39,"type":"0","frp":7.43,"daynight":"N","instrument":"VIIRS","brightness":344.2,"satellite":"N20","year":2021},"geometry":{"type":"Point","coordinates":[29.61312,4.083]}},
{"type":"Feature","properties":{"fid":7664,"acq_date":"2021-01-20","acq_time":"2324","bright_t31":284.33,"track":0.36,"version":"2","confidence":"n","scan":0.39,"type":"0","frp":7.43,"daynight":"N","instrument":"VIIRS","brightness":304.81,"satellite":"N20","year":2021},"geometry":{"type":"Point","coordinates":[29.61611,4.07913]}},
{"type":"Feature","properties":{"fid":7662,"acq_date":"2021-01-20","acq_time":"2324","bright_t31":284.79,"track":0.36,"version":"2","confidence":"n","scan":0.39,"type":"0","frp":7.43,"daynight":"N","instrument":"VIIRS","brightness":313.52,"satellite":"N20","year":2021},"geometry":{"type":"Point","coordinates":[29.61663,4.08246]}},
{"type":"Feature","properties":{"fid":5168,"acq_date":"2021-01-17","acq_time":"1142","bright_t31":302.38,"track":0.43,"version":"2","confidence":"n","scan":0.57,"type":"0","frp":4.55,"daynight":"D","instrument":"VIIRS","brightness":333.49,"satellite":"N20","year":2021},"geometry":{"type":"Point","coordinates":[29.61707,4.06981]}},
{"type":"Feature","properties":{"fid":7660,"acq_date":"2021-01-20","acq_time":"2324","bright_t31":283.89,"track":0.36,"version":"2","confidence":"n","scan":0.39,"type":"0","frp":2.86,"daynight":"N","instrument":"VIIRS","brightness":326.83,"satellite":"N20","year":2021},"geometry":{"type":"Point","coordinates":[29.62014,4.08191]}},
{"type":"Feature","properties":{"fid":70776,"acq_date":"2023-01-14","acq_time":"2349","bright_t31":289.16,"track":0.45,"version":"2","confidence":"n","scan":0.41,"type":"0","frp":3.59,"daynight":"N","instrument":"VIIRS","brightness":336.42,"satellite":"N20","year":2023},"geometry":{"type":"Point","coordinates":[29.61369,4.07489]}},
{"type":"Feature","properties":{"fid":70779,"acq_date":"2023-01-14","acq_time":"2349","bright_t31":291.15,"track":0.45,"version":"2","confidence":"n","scan":0.41,"type":"0","frp":5.36,"daynight":"N","instrument":"VIIRS","brightness":351.04,"satellite":"N20","year":2023},"geometry":{"type":"Point","coordinates":[29.61304,4.07079]}},
{"type":"Feature","properties":{"fid":70787,"acq_date":"2023-01-14","acq_time":"2349","bright_t31":289.82,"track":0.45,"version":"2","confidence":"n","scan":0.41,"type":"0","frp":5.36,"daynight":"N","instrument":"VIIRS","brightness":312.56,"satellite":"N20","year":2023},"geometry":{"type":"Point","coordinates":[29.61239,4.0667]}},
{"type":"Feature","properties":{"fid":71790,"acq_date":"2023-01-15","acq_time":"2331","bright_t31":275.62,"track":0.36,"version":"2","confidence":"n","scan":0.39,"type":"0","frp":0.56,"daynight":"N","instrument":"VIIRS","brightness":300.13,"satellite":"N20","year":2023},"geometry":{"type":"Point","coordinates":[29.61643,4.06821]}},
{"type":"Feature","properties":{"fid":152023,"acq_date":"2025-02-11","acq_time":"2252","bright_t31":261.49,"track":0.57,"version":"2","confidence":"n","scan":0.36,"type":"0","frp":2.35,"daynight":"N","instrument":"VIIRS","brightness":296.5,"satellite":"N20","year":2025},"geometry":{"type":"Point","coordinates":[29.61241,4.06893]}},
{"type":"Feature","properties":{"fid":167323,"acq_date":"2021-01-17","acq_time":"0912","bright_t31":294.9,"track":1.9,"version":"6.03","confidence":"88","scan":4.1,"type":"0","frp":246.3,"daynight":"D","instrument":"MODIS","brightness":337.4,"satellite":"Terra","year":2021},"geometry":{"type":"Point","coordinates":[29.6127,4.0694]}},
{"type":"Feature","properties":{"fid":167807,"acq_date":"2021-01-20","acq_time":"0804","bright_t31":301.9,"track":1.5,"version":"6.03","confidence":"83","scan":2.6,"type":"0","frp":75.1,"daynight":"D","instrument":"MODIS","brightness":331.2,"satellite":"Terra","year":2021},"geometry":{"type":"Point","coordinates":[29.6106,4.068]}},
{"type":"Feature","properties":{"fid":185566,"acq_date":"2023-01-14","acq_time":"2024","bright_t31":290.9,"track":1.1,"version":"61.03","confidence":"5","scan":1.3,"type":"0","frp":12.7,"daynight":"N","instrument":"MODIS","brightness":310.0,"satellite":"Terra","year":2023},"geometry":{"type":"Point","coordinates":[29.6173,4.0669]}},
{"type":"Feature","properties":{"fid":214680,"acq_date":"2021-01-17","acq_time":"1052","bright_t31":304.16,"track":0.53,"version":"2","confidence":"n","scan":0.61,"type":"0","frp":26.54,"daynight":"D","instrument":"VIIRS","brightness":353.45,"satellite":"N","year":2021},"geometry":{"type":"Point","coordinates":[29.61716,4.06845]}},
{"type":"Feature","properties":{"fid":281665,"acq_date":"2023-01-15","acq_time":"2242","bright_t31":285.71,"track":0.7,"version":"2","confidence":"n","scan":0.59,"type":"0","frp":1.2,"daynight":"N","instrument":"VIIRS","brightness":301.27,"satellite":"N","year":2023},"geometry":{"type":"Point","coordinates":[29.61662,4.08146]}},
{"type":"Feature","properties":{"fid":421506,"acq_date":"2025-02-13","acq_time":"1208","bright_t31":290.61,"track":0.66,"version":"2.0NRT","confidence":"n","scan":0.52,"type":null,"frp":9.9,"daynight":"D","instrument":"VIIRS","brightness":355.7,"satellite":"N21","year":2025},"geometry":{"type":"Point","coordinates":[29.61731,4.06793]}},
{"type":"Feature","properties":{"fid":280589,"acq_date":"2023-01-14","acq_time":"2301","bright_t31":289.55,"track":0.51,"version":"2","confidence":"n","scan":0.56,"type":"0","frp":3.07,"daynight":"N","instrument":"VIIRS","brightness":308.58,"satellite":"N","year":2023},"geometry":{"type":"Point","coordinates":[29.60911,4.06694]}},
{"type":"Feature","properties":{"fid":280489,"acq_date":"2023-01-14","acq_time":"2301","bright_t31":290.41,"track":0.51,"version":"2","confidence":"n","scan":0.56,"type":"0","frp":4.1,"daynight":"N","instrument":"VIIRS","brightness":335.64,"satellite":"N","year":2023},"geometry":{"type":"Point","coordinates":[29.61097,4.06718]}},
{"type":"Feature","properties":{"fid":281672,"acq_date":"2023-01-15","acq_time":"2242","bright_t31":286.22,"track":0.7,"version":"2","confidence":"n","scan":0.59,"type":"0","frp":2.74,"daynight":"N","instrument":"VIIRS","brightness":323.69,"satellite":"N","year":2023},"geometry":{"type":"Point","coordinates":[29.61455,4.06846]}},
{"type":"Feature","properties":{"fid":216322,"acq_date":"2021-01-20","acq_time":"1136","bright_t31":296.92,"track":0.39,"version":"2","confidence":"n","scan":0.46,"type":"0","frp":10.71,"daynight":"D","instrument":"VIIRS","brightness":335.47,"satellite":"N","year":2021},"geometry":{"type":"Point","coordinates":[29.60649,4.06847]}},
{"type":"Feature","properties":{"fid":152015,"acq_date":"2025-02-11","acq_time":"2252","bright_t31":265.5,"track":0.57,"version":"2","confidence":"n","scan":0.36,"type":"0","frp":2.72,"daynight":"N","instrument":"VIIRS","brightness":341.26,"satellite":"N20","year":2025},"geometry":{"type":"Point","coordinates":[29.60944,4.06909]}},
{"type":"Feature","properties":{"fid":216321,"acq_date":"2021-01-20","acq_time":"1136","bright_t31":299.74,"track":0.39,"version":"2","confidence":"n","scan":0.46,"type":"0","frp":15.5,"daynight":"D","instrument":"VIIRS","brightness":346.61,"satellite":"N","year":2021},"geometry":{"type":"Point","coordinates":[29.61069,4.0691]}},
{"type":"Feature","properties":{"fid":152020,"acq_date":"2025-02-11","acq_time":"2252","bright_t31":264.08,"track":0.57,"version":"2","confidence":"n","scan":0.36,"type":"0","frp":2.33,"daynight":"N","instrument":"VIIRS","brightness":345.52,"satellite":"N20","year":2025},"geometry":{"type":"Point","coordinates":[29.60924,4.06941]}},
{"type":"Feature","properties":{"fid":7253,"acq_date":"2021-01-20","acq_time":"1046","bright_t31":300.72,"track":0.6,"version":"2","confidence":"h","scan":0.4,"type":"0","frp":12.87,"daynight":"D","instrument":"VIIRS","brightness":367.0,"satellite":"N20","year":2021},"geometry":{"type":"Point","coordinates":[29.60887,4.0702]}},
{"type":"Feature","properties":{"fid":280177,"acq_date":"2023-01-14","acq_time":"1203","bright_t31":297.81,"track":0.6,"version":"2","confidence":"n","scan":0.39,"type":"0","frp":6.89,"daynight":"D","instrument":"VIIRS","brightness":335.54,"satellite":"N","year":2023},"geometry":{"type":"Point","coordinates":[29.6073,4.07084]}},
{"type":"Feature","properties":{"fid":280578,"acq_date":"2023-01-14","acq_time":"2301","bright_t31":289.69,"track":0.51,"version":"2","confidence":"n","scan":0.56,"type":"0","frp":5.2,"daynight":"N","instrument":"VIIRS","brightness":332.22,"satellite":"N","year":2023},"geometry":{"type":"Point","coordinates":[29.61488,4.07093]}},
{"type":"Feature","properties":{"fid":280577,"acq_date":"2023-01-14","acq_time":"2301","bright_t31":289.17,"track":0.51,"version":"2","confidence":"n","scan":0.56,"type":"0","frp":5.48,"daynight":"N","instrument":"VIIRS","brightness":320.56,"satellite":"N","year":2023},"geometry":{"type":"Point","coordinates":[29.60985,4.0717]}},
{"type":"Feature","properties":{"fid":280481,"acq_date":"2023-01-14","acq_time":"2301","bright_t31":290.0,"track":0.51,"version":"2","confidence":"n","scan":0.56,"type":"0","frp":7.76,"daynight":"N","instrument":"VIIRS","brightness":342.41,"satellite":"N","year":2023},"geometry":{"type":"Point","coordinates":[29.61171,4.07194]}},
{"type":"Feature","properties":{"fid":281669,"acq_date":"2023-01-15","acq_time":"2242","bright_t31":285.39,"track":0.7,"version":"2","confidence":"n","scan":0.59,"type":"0","frp":1.2,"daynight":"N","instrument":"VIIRS","brightness":305.68,"satellite":"N","year":2023},"geometry":{"type":"Point","coordinates":[29.61558,4.07496]}},
{"type":"Feature","properties":{"fid":7259,"acq_date":"2021-01-20","acq_time":"1046","bright_t31":295.14,"track":0.6,"version":"2","confidence":"h","scan":0.4,"type":"0","frp":9.61,"daynight":"D","instrument":"VIIRS","brightness":367.0,"satellite":"N20","year":2021},"geometry":{"type":"Point","coordinates":[29.60801,4.07564]}},
{"type":"Feature","properties":{"fid":317659,"acq_date":"2024-01-29","acq_time":"1137","bright_t31":289.9,"track":0.4,"version":"2","confidence":"n","scan":0.47,"type":"0","frp":6.72,"daynight":"D","instrument":"VIIRS","brightness":337.76,"satellite":"N","year":2024},"geometry":{"type":"Point","coordinates":[29.60693,4.07251]}},
{"type":"Feature","properties":{"fid":361819,"acq_date":"2025-02-12","acq_time":"0009","bright_t31":272.09,"track":0.62,"version":"2","confidence":"n","scan":0.44,"type":"0","frp":2.71,"daynight":"N","instrument":"VIIRS","brightness":328.5,"satellite":"N","year":2025},"geometry":{"type":"Point","coordinates":[29.60998,4.06938]}},
{"type":"Feature","properties":{"fid":361821,"acq_date":"2025-02-12","acq_time":"0009","bright_t31":272.08,"track":0.62,"version":"2","confidence":"n","scan":0.44,"type":"0","frp":2.71,"daynight":"N","instrument":"VIIRS","brightness":315.14,"satellite":"N","year":2025},"geometry":{"type":"Point","coordinates":[29.61402,4.06869]}},
{"type":"Feature","properties":{"fid":152025,"acq_date":"2025-02-11","acq_time":"2252","bright_t31":262.2,"track":0.57,"version":"2","confidence":"n","scan":0.36,"type":"0","frp":2.33,"daynight":"N","instrument":"VIIRS","brightness":297.31,"satellite":"N20","year":2025},"geometry":{"type":"Point","coordinates":[29.60839,4.06417]}},
{"type":"Feature","properties":{"fid":7241,"acq_date":"2021-01-20","acq_time":"1046","bright_t31":293.25,"track":0.6,"version":"2","confidence":"h","scan":0.4,"type":"0","frp":12.87,"daynight":"D","instrument":"VIIRS","brightness":367.0,"satellite":"N20","year":2021},"geometry":{"type":"Point","coordinates":[29.60966,4.06474]}},
{"type":"Feature","properties":{"fid":185571,"acq_date":"2023-01-14","acq_time":"2024","bright_t31":292.0,"track":1.1,"version":"61.03","confidence":"100","scan":1.3,"type":"0","frp":38.6,"daynight":"N","instrument":"MODIS","brightness":328.5,"satellite":"Terra","year":2023},"geometry":{"type":"Point","coordinates":[29.6117,4.0648]}},
{"type":"Feature","properties":{"fid":216316,"acq_date":"2021-01-20","acq_time":"1136","bright_t31":298.76,"track":0.39,"version":"2","confidence":"n","scan":0.46,"type":"0","frp":10.71,"daynight":"D","instrument":"VIIRS","brightness":336.69,"satellite":"N","year":2021},"geometry":{"type":"Point","coordinates":[29.60704,4.06485]}},
{"type":"Feature","properties":{"fid":216315,"acq_date":"2021-01-20","acq_time":"1136","bright_t31":297.02,"track":0.39,"version":"2","confidence":"n","scan":0.46,"type":"0","frp":15.5,"daynight":"D","instrument":"VIIRS","brightness":338.15,"satellite":"N","year":2021},"geometry":{"type":"Point","coordinates":[29.61123,4.06547]}},
{"type":"Feature","properties":{"fid":152359,"acq_date":"2025-02-13","acq_time":"1116","bright_t31":282.59,"track":0.37,"version":"2","confidence":"n","scan":0.4,"type":"0","frp":51.55,"daynight":"D","instrument":"VIIRS","brightness":331.82,"satellite":"N20","year":2025},"geometry":{"type":"Point","coordinates":[29.6183,4.06479]}},
{"type":"Feature","properties":{"fid":5166,"acq_date":"2021-01-17","acq_time":"1142","bright_t31":308.11,"track":0.43,"version":"2","confidence":"n","scan":0.57,"type":"0","frp":9.44,"daynight":"D","instrument":"VIIRS","brightness":343.4,"satellite":"N20","year":2021},"geometry":{"type":"Point","coordinates":[29.61765,4.06583]}},
{"type":"Feature","properties":{"fid":280590,"acq_date":"2023-01-14","acq_time":"2301","bright_t31":289.01,"track":0.51,"version":"2","confidence":"n","scan":0.56,"type":"0","frp":3.02,"daynight":"N","instrument":"VIIRS","brightness":318.32,"satellite":"N","year":2023},"geometry":{"type":"Point","coordinates":[29.61414,4.06618]}},
{"type":"Feature","properties":{"fid":70709,"acq_date":"2023-01-14","acq_time":"2349","bright_t31":294.3,"track":0.45,"version":"2","confidence":"n","scan":0.41,"type":"0","frp":8.13,"daynight":"N","instrument":"VIIRS","brightness":342.28,"satellite":"N20","year":2023},"geometry":{"type":"Point","coordinates":[29.63483,4.11343]}},
{"type":"Feature","properties":{"fid":70711,"acq_date":"2023-01-14","acq_time":"2349","bright_t31":289.21,"track":0.45,"version":"2","confidence":"n","scan":0.41,"type":"0","frp":8.13,"daynight":"N","instrument":"VIIRS","brightness":304.81,"satellite":"N20","year":2023},"geometry":{"type":"Point","coordinates":[29.63112,4.11404]}},
{"type":"Feature","properties":{"fid":69804,"acq_date":"2023-01-14","acq_time":"1111","bright_t31":303.36,"track":0.39,"version":"2","confidence":"n","scan":0.46,"type":"0","frp":12.84,"daynight":"D","instrument":"VIIRS","brightness":348.81,"satellite":"N20","year":2023},"geometry":{"type":"Point","coordinates":[29.62796,4.11465]}},
{"type":"Feature","properties":{"fid":71398,"acq_date":"2023-01-15","acq_time":"1052","bright_t31":301.93,"track":0.54,"version":"2","confidence":"n","scan":0.61,"type":"0","frp":20.83,"daynight":"D","instrument":"VIIRS","brightness":343.66,"satellite":"N20","year":2023},"geometry":{"type":"Point","coordinates":[29.63732,4.11586]}},
{"type":"Feature","properties":{"fid":70700,"acq_date":"2023-01-14","acq_time":"2349","bright_t31":290.02,"track":0.45,"version":"2","confidence":"n","scan":0.41,"type":"0","frp":8.13,"daynight":"N","instrument":"VIIRS","brightness":341.97,"satellite":"N20","year":2023},"geometry":{"type":"Point","coordinates":[29.63547,4.11753]}},
{"type":"Feature","properties":{"fid":71424,"acq_date":"2023-01-15","acq_time":"1052","bright_t31":303.39,"track":0.54,"version":"2","confidence":"n","scan":0.61,"type":"0","frp":28.15,"daynight":"D","instrument":"VIIRS","brightness":333.56,"satellite":"N20","year":2023},"geometry":{"type":"Point","coordinates":[29.63498,4.11789]}},
{"type":"Feature","properties":{"fid":69820,"acq_date":"2023-01-14","acq_time":"1111","bright_t31":309.35,"track":0.39,"version":"2","confidence":"n","scan":0.46,"type":"0","frp":12.84,"daynight":"D","instrument":"VIIRS","brightness":348.79,"satellite":"N20","year":2023},"geometry":{"type":"Point","coordinates":[29.62741,4.11825]}},
{"type":"Feature","properties":{"fid":69819,"acq_date":"2023-01-14","acq_time":"1111","bright_t31":304.59,"track":0.39,"version":"2","confidence":"l","scan":0.46,"type":"0","frp":8.46,"daynight":"D","instrument":"VIIRS","brightness":334.36,"satellite":"N20","year":2023},"geometry":{"type":"Point","coordinates":[29.63154,4.1189]}},
{"type":"Feature","properties":{"fid":70690,"acq_date":"2023-01-14","acq_time":"2349","bright_t31":289.33,"track":0.45,"version":"2","confidence":"n","scan":0.41,"type":"0","frp":3.56,"daynight":"N","instrument":"VIIRS","brightness":329.42,"satellite":"N20","year":2023},"geometry":{"type":"Point","coordinates":[29.63611,4.12163]}},
{"type":"Feature","properties":{"fid":69832,"acq_date":"2023-01-14","acq_time":"1111","bright_t31":307.93,"track":0.39,"version":"2","confidence":"n","scan":0.46,"type":"0","frp":18.21,"daynight":"D","instrument":"VIIRS","brightness":343.72,"satellite":"N20","year":2023},"geometry":{"type":"Point","coordinates":[29.63099,4.1225]}},
{"type":"Feature","properties":{"fid":69463,"acq_date":"2023-01-14","acq_time":"0008","bright_t31":284.99,"track":0.62,"version":"2","confidence":"n","scan":0.44,"type":"0","frp":0.78,"daynight":"N","instrument":"VIIRS","brightness":303.51,"satellite":"N20","year":2023},"geometry":{"type":"Point","coordinates":[29.62381,4.12301]}},
{"type":"Feature","properties":{"fid":69846,"acq_date":"2023-01-14","acq_time":"1111","bright_t31":308.29,"track":0.39,"version":"2","confidence":"l","scan":0.46,"type":"0","frp":11.05,"daynight":"D","instrument":"VIIRS","brightness":336.21,"satellite":"N20","year":2023},"geometry":{"type":"Point","coordinates":[29.62628,4.12545]}},
{"type":"Feature","properties":{"fid":70683,"acq_date":"2023-01-14","acq_time":"2349","bright_t31":289.28,"track":0.45,"version":"2","confidence":"n","scan":0.41,"type":"0","frp":3.56,"daynight":"N","instrument":"VIIRS","brightness":328.59,"satellite":"N20","year":2023},"geometry":{"type":"Point","coordinates":[29.6368,4.12572]}},
{"type":"Feature","properties":{"fid":69845,"acq_date":"2023-01-14","acq_time":"1111","bright_t31":307.09,"track":0.39,"version":"2","confidence":"n","scan":0.46,"type":"0","frp":18.21,"daynight":"D","instrument":"VIIRS","brightness":345.21,"satellite":"N20","year":2023},"geometry":{"type":"Point","coordinates":[29.63042,4.12609]}},
{"type":"Feature","properties":{"fid":113333,"acq_date":"2024-02-02","acq_time":"1111","bright_t31":294.54,"track":0.39,"version":"2","confidence":"n","scan":0.46,"type":"0","frp":3.94,"daynight":"D","instrument":"VIIRS","brightness":332.5,"satellite":"N20","year":2024},"geometry":{"type":"Point","coordinates":[29.62239,4.12874]}},
{"type":"Feature","properties":{"fid":69861,"acq_date":"2023-01-14","acq_time":"1111","bright_t31":305.08,"track":0.39,"version":"2","confidence":"n","scan":0.46,"type":"0","frp":9.8,"daynight":"D","instrument":"VIIRS","brightness":350.56,"satellite":"N20","year":2023},"geometry":{"type":"Point","coordinates":[29.6257,4.12905]}},
{"type":"Feature","properties":{"fid":71413,"acq_date":"2023-01-15","acq_time":"1052","bright_t31":301.59,"track":0.54,"version":"2","confidence":"n","scan":0.61,"type":"0","frp":6.89,"daynight":"D","instrument":"VIIRS","brightness":334.89,"satellite":"N20","year":2023},"geometry":{"type":"Point","coordinates":[29.62951,4.12966]}},
{"type":"Feature","properties":{"fid":167141,"acq_date":"2021-01-16","acq_time":"0829","bright_t31":302.3,"track":1.0,"version":"6.03","confidence":"68","scan":1.0,"type":"0","frp":18.5,"daynight":"D","instrument":"MODIS","brightness":330.0,"satellite":"Terra","year":2021},"geometry":{"type":"Point","coordinates":[29.6358,4.1164]}},
{"type":"Feature","properties":{"fid":185384,"acq_date":"2023-01-14","acq_time":"0801","bright_t31":299.3,"track":1.2,"version":"61.03","confidence":"62","scan":1.4,"type":"0","frp":16.2,"daynight":"D","instrument":"MODIS","brightness":321.8,"satellite":"Terra","year":2023},"geometry":{"type":"Point","coordinates":[29.6294,4.1156]}},
{"type":"Feature","properties":{"fid":185410,"acq_date":"2023-01-14","acq_time":"0801","bright_t31":301.0,"track":1.2,"version":"61.03","confidence":"59","scan":1.4,"type":"0","frp":26.8,"daynight":"D","instrument":"MODIS","brightness":329.0,"satellite":"Terra","year":2023},"geometry":{"type":"Point","coordinates":[29.6308,4.1258]}},
{"type":"Feature","properties":{"fid":196586,"acq_date":"2024-02-02","acq_time":"1954","bright_t31":290.2,"track":1.0,"version":"61.03","confidence":"47","scan":1.0,"type":"0","frp":6.9,"daynight":"N","instrument":"MODIS","brightness":307.5,"satellite":"Terra","year":2024},"geometry":{"type":"Point","coordinates":[29.6307,4.1256]}},
{"type":"Feature","properties":{"fid":206258,"acq_date":"2025-02-07","acq_time":"0712","bright_t31":298.6,"track":1.4,"version":"61.03","confidence":"59","scan":2.1,"type":"0","frp":17.3,"daynight":"D","instrument":"MODIS","brightness":316.6,"satellite":"Terra","year":2025},"geometry":{"type":"Point","coordinates":[29.6333,4.1295]}},
{"type":"Feature","properties":{"fid":214013,"acq_date":"2021-01-15","acq_time":"1130","bright_t31":299.64,"track":0.37,"version":"2","confidence":"n","scan":0.4,"type":"0","frp":2.73,"daynight":"D","instrument":"VIIRS","brightness":336.98,"satellite":"N","year":2021},"geometry":{"type":"Point","coordinates":[29.62644,4.12164]}},
{"type":"Feature","properties":{"fid":185851,"acq_date":"2023-01-15","acq_time":"1144","bright_t31":308.1,"track":1.0,"version":"61.03","confidence":"95","scan":1.0,"type":"0","frp":50.4,"daynight":"D","instrument":"MODIS","brightness":349.9,"satellite":"Aqua","year":2023},"geometry":{"type":"Point","coordinates":[29.6371,4.1131]}},
{"type":"Feature","properties":{"fid":185631,"acq_date":"2023-01-14","acq_time":"2320","bright_t31":289.2,"track":1.5,"version":"61.03","confidence":"38","scan":2.4,"type":"0","frp":33.8,"daynight":"N","instrument":"MODIS","brightness":309.9,"satellite":"Aqua","year":2023},"geometry":{"type":"Point","coordinates":[29.6349,4.1166]}},
{"type":"Feature","properties":{"fid":196579,"acq_date":"2024-02-02","acq_time":"1954","bright_t31":291.4,"track":1.0,"version":"61.03","confidence":"100","scan":1.0,"type":"0","frp":21.8,"daynight":"N","instrument":"MODIS","brightness":325.4,"satellite":"Terra","year":2024},"geometry":{"type":"Point","coordinates":[29.6319,4.1168]}},
{"type":"Feature","properties":{"fid":185595,"acq_date":"2023-01-14","acq_time":"2024","bright_t31":291.3,"track":1.1,"version":"61.03","confidence":"40","scan":1.3,"type":"0","frp":13.0,"daynight":"N","instrument":"MODIS","brightness":309.4,"satellite":"Terra","year":2023},"geometry":{"type":"Point","coordinates":[29.6281,4.1189]}},
{"type":"Feature","properties":{"fid":185672,"acq_date":"2023-01-15","acq_time":"0842","bright_t31":300.6,"track":1.5,"version":"61.03","confidence":"75","scan":2.4,"type":"0","frp":67.4,"daynight":"D","instrument":"MODIS","brightness":329.0,"satellite":"Terra","year":2023},"geometry":{"type":"Point","coordinates":[29.6373,4.1249]}},
{"type":"Feature","properties":{"fid":214014,"acq_date":"2021-01-15","acq_time":"1130","bright_t31":297.18,"track":0.37,"version":"2","confidence":"n","scan":0.4,"type":"0","frp":2.73,"daynight":"D","instrument":"VIIRS","brightness":334.54,"satellite":"N","year":2021},"geometry":{"type":"Point","coordinates":[29.62281,4.1211]}},
{"type":"Feature","properties":{"fid":280658,"acq_date":"2023-01-14","acq_time":"2301","bright_t31":289.65,"track":0.51,"version":"2","confidence":"n","scan":0.56,"type":"0","frp":4.73,"daynight":"N","instrument":"VIIRS","brightness":321.98,"satellite":"N","year":2023},"geometry":{"type":"Point","coordinates":[29.63367,4.11247]}},
{"type":"Feature","properties":{"fid":320558,"acq_date":"2024-02-02","acq_time":"2300","bright_t31":287.79,"track":0.51,"version":"2","confidence":"n","scan":0.55,"type":"0","frp":3.29,"daynight":"N","instrument":"VIIRS","brightness":319.89,"satellite":"N","year":2024},"geometry":{"type":"Point","coordinates":[29.62687,4.1132]}},
{"type":"Feature","properties":{"fid":279801,"acq_date":"2023-01-13","acq_time":"2320","bright_t31":286.49,"track":0.38,"version":"2","confidence":"n","scan":0.44,"type":"0","frp":0.56,"daynight":"N","instrument":"VIIRS","brightness":296.69,"satellite":"N","year":2023},"geometry":{"type":"Point","coordinates":[29.62273,4.12059]}},
{"type":"Feature","properties":{"fid":279792,"acq_date":"2023-01-13","acq_time":"2320","bright_t31":287.17,"track":0.38,"version":"2","confidence":"n","scan":0.44,"type":"0","frp":1.09,"daynight":"N","instrument":"VIIRS","brightness":305.29,"satellite":"N","year":2023},"geometry":{"type":"Point","coordinates":[29.62326,4.12413]}},
{"type":"Feature","properties":{"fid":280197,"acq_date":"2023-01-14","acq_time":"1203","bright_t31":292.42,"track":0.6,"version":"2","confidence":"n","scan":0.39,"type":"0","frp":3.48,"daynight":"D","instrument":"VIIRS","brightness":334.61,"satellite":"N","year":2023},"geometry":{"type":"Point","coordinates":[29.6246,4.12967]}},
{"type":"Feature","properties":{"fid":279793,"acq_date":"2023-01-13","acq_time":"2320","bright_t31":286.39,"track":0.38,"version":"2","confidence":"n","scan":0.44,"type":"0","frp":0.66,"daynight":"N","instrument":"VIIRS","brightness":300.11,"satellite":"N","year":2023},"geometry":{"type":"Point","coordinates":[29.62722,4.12352]}},
{"type":"Feature","properties":{"fid":280192,"acq_date":"2023-01-14","acq_time":"1203","bright_t31":286.04,"track":0.6,"version":"2","confidence":"n","scan":0.39,"type":"0","frp":2.63,"daynight":"D","instrument":"VIIRS","brightness":335.99,"satellite":"N","year":2023},"geometry":{"type":"Point","coordinates":[29.62888,4.12465]}},
{"type":"Feature","properties":{"fid":280191,"acq_date":"2023-01-14","acq_time":"1203","bright_t31":290.78,"track":0.6,"version":"2","confidence":"n","scan":0.4,"type":"0","frp":5.59,"daynight":"D","instrument":"VIIRS","brightness":348.71,"satellite":"N","year":2023},"geometry":{"type":"Point","coordinates":[29.63251,4.12518]}},
{"type":"Feature","properties":{"fid":280654,"acq_date":"2023-01-14","acq_time":"2301","bright_t31":290.51,"track":0.51,"version":"2","confidence":"n","scan":0.56,"type":"0","frp":7.07,"daynight":"N","instrument":"VIIRS","brightness":345.59,"satellite":"N","year":2023},"geometry":{"type":"Point","coordinates":[29.63442,4.11721]}},
{"type":"Feature","properties":{"fid":280646,"acq_date":"2023-01-14","acq_time":"2301","bright_t31":289.81,"track":0.51,"version":"2","confidence":"n","scan":0.56,"type":"0","frp":7.07,"daynight":"N","instrument":"VIIRS","brightness":323.25,"satellite":"N","year":2023},"geometry":{"type":"Point","coordinates":[29.63517,4.12196]}},
{"type":"Feature","properties":{"fid":280640,"acq_date":"2023-01-14","acq_time":"2301","bright_t31":289.42,"track":0.51,"version":"2","confidence":"n","scan":0.56,"type":"0","frp":4.91,"daynight":"N","instrument":"VIIRS","brightness":324.19,"satellite":"N","year":2023},"geometry":{"type":"Point","coordinates":[29.63585,4.12672]}},
{"type":"Feature","properties":{"fid":320547,"acq_date":"2024-02-02","acq_time":"2300","bright_t31":286.93,"track":0.51,"version":"2","confidence":"n","scan":0.55,"type":"0","frp":1.35,"daynight":"N","instrument":"VIIRS","brightness":302.01,"satellite":"N","year":2024},"geometry":{"type":"Point","coordinates":[29.62899,4.1274]}},
{"type":"Feature","properties":{"fid":320554,"acq_date":"2024-02-02","acq_time":"2300","bright_t31":287.46,"track":0.51,"version":"2","confidence":"n","scan":0.55,"type":"0","frp":1.99,"daynight":"N","instrument":"VIIRS","brightness":307.39,"satellite":"N","year":2024},"geometry":{"type":"Point","coordinates":[29.63333,4.12192]}},
{"type":"Feature","properties":{"fid":320556,"acq_date":"2024-02-02","acq_time":"2300","bright_t31":287.28,"track":0.51,"version":"2","confidence":"n","scan":0.55,"type":"0","frp":2.69,"daynight":"N","instrument":"VIIRS","brightness":309.58,"satellite":"N","year":2024},"geometry":{"type":"Point","coordinates":[29.63754,4.11647]}},
{"type":"Feature","properties":{"fid":358062,"acq_date":"2025-02-04","acq_time":"1202","bright_t31":280.14,"track":0.6,"version":"2","confidence":"n","scan":0.41,"type":"0","frp":8.58,"daynight":"D","instrument":"VIIRS","brightness":339.06,"satellite":"N","year":2025},"geometry":{"type":"Point","coordinates":[29.63118,4.12807]}},
{"type":"Feature","properties":{"fid":113270,"acq_date":"2024-02-02","acq_time":"1111","bright_t31":294.2,"track":0.39,"version":"2","confidence":"n","scan":0.46,"type":"0","frp":18.5,"daynight":"D","instrument":"VIIRS","brightness":334.29,"satellite":"N20","year":2024},"geometry":{"type":"Point","coordinates":[29.62762,4.09481]}},
{"type":"Feature","properties":{"fid":113269,"acq_date":"2024-02-02","acq_time":"1111","bright_t31":305.47,"track":0.39,"version":"2","confidence":"n","scan":0.46,"type":"0","frp":18.5,"daynight":"D","instrument":"VIIRS","brightness":352.9,"satellite":"N20","year":2024},"geometry":{"type":"Point","coordinates":[29.63176,4.09545]}},
{"type":"Feature","properties":{"fid":214878,"acq_date":"2021-01-17","acq_time":"2330","bright_t31":289.39,"track":0.36,"version":"2","confidence":"n","scan":0.39,"type":"0","frp":1.38,"daynight":"N","instrument":"VIIRS","brightness":318.97,"satellite":"N","year":2021},"geometry":{"type":"Point","coordinates":[29.6269,4.09563]}},
{"type":"Feature","properties":{"fid":113268,"acq_date":"2024-02-02","acq_time":"1111","bright_t31":299.31,"track":0.39,"version":"2","confidence":"n","scan":0.46,"type":"0","frp":6.76,"daynight":"D","instrument":"VIIRS","brightness":337.65,"satellite":"N20","year":2024},"geometry":{"type":"Point","coordinates":[29.63587,4.09608]}},
{"type":"Feature","properties":{"fid":214877,"acq_date":"2021-01-17","acq_time":"2330","bright_t31":287.91,"track":0.36,"version":"2","confidence":"n","scan":0.39,"type":"0","frp":0.67,"daynight":"N","instrument":"VIIRS","brightness":300.71,"satellite":"N","year":2021},"geometry":{"type":"Point","coordinates":[29.62343,4.09617]}},
{"type":"Feature","properties":{"fid":113293,"acq_date":"2024-02-02","acq_time":"1111","bright_t31":300.47,"track":0.39,"version":"2","confidence":"n","scan":0.46,"type":"0","frp":13.84,"daynight":"D","instrument":"VIIRS","brightness":347.65,"satellite":"N20","year":2024},"geometry":{"type":"Point","coordinates":[29.63564,4.09768]}},
{"type":"Feature","properties":{"fid":185675,"acq_date":"2023-01-15","acq_time":"0842","bright_t31":299.9,"track":1.5,"version":"61.03","confidence":"86","scan":2.4,"type":"0","frp":95.6,"daynight":"D","instrument":"MODIS","brightness":334.1,"satellite":"Terra","year":2023},"geometry":{"type":"Point","coordinates":[29.6334,4.0983]}},
{"type":"Feature","properties":{"fid":113281,"acq_date":"2024-02-02","acq_time":"1111","bright_t31":297.23,"track":0.39,"version":"2","confidence":"n","scan":0.46,"type":"0","frp":64.6,"daynight":"D","instrument":"VIIRS","brightness":335.56,"satellite":"N20","year":2024},"geometry":{"type":"Point","coordinates":[29.62706,4.09841]}},
{"type":"Feature","properties":{"fid":185582,"acq_date":"2023-01-14","acq_time":"2024","bright_t31":295.3,"track":1.1,"version":"61.03","confidence":"100","scan":1.3,"type":"0","frp":192.4,"daynight":"N","instrument":"MODIS","brightness":372.9,"satellite":"Terra","year":2023},"geometry":{"type":"Point","coordinates":[29.631,4.0985]}},
{"type":"Feature","properties":{"fid":113274,"acq_date":"2024-02-02","acq_time":"1111","bright_t31":333.66,"track":0.39,"version":"2","confidence":"h","scan":0.46,"type":"0","frp":64.6,"daynight":"D","instrument":"VIIRS","brightness":367.0,"satellite":"N20","year":2024},"geometry":{"type":"Point","coordinates":[29.6312,4.09905]}},
{"type":"Feature","properties":{"fid":113280,"acq_date":"2024-02-02","acq_time":"1111","bright_t31":301.88,"track":0.39,"version":"2","confidence":"n","scan":0.46,"type":"0","frp":11.64,"daynight":"D","instrument":"VIIRS","brightness":349.01,"satellite":"N20","year":2024},"geometry":{"type":"Point","coordinates":[29.63531,4.09968]}},
{"type":"Feature","properties":{"fid":113301,"acq_date":"2024-02-02","acq_time":"1111","bright_t31":300.01,"track":0.39,"version":"2","confidence":"n","scan":0.46,"type":"0","frp":13.84,"daynight":"D","instrument":"VIIRS","brightness":344.7,"satellite":"N20","year":2024},"geometry":{"type":"Point","coordinates":[29.63508,4.10127]}},
{"type":"Feature","properties":{"fid":113287,"acq_date":"2024-02-02","acq_time":"1111","bright_t31":298.68,"track":0.39,"version":"2","confidence":"n","scan":0.46,"type":"0","frp":64.6,"daynight":"D","instrument":"VIIRS","brightness":336.44,"satellite":"N20","year":2024},"geometry":{"type":"Point","coordinates":[29.63063,4.10264]}},
{"type":"Feature","properties":{"fid":113286,"acq_date":"2024-02-02","acq_time":"1111","bright_t31":297.41,"track":0.39,"version":"2","confidence":"n","scan":0.46,"type":"0","frp":11.64,"daynight":"D","instrument":"VIIRS","brightness":333.73,"satellite":"N20","year":2024},"geometry":{"type":"Point","coordinates":[29.63475,4.10327]}},
{"type":"Feature","properties":{"fid":185632,"acq_date":"2023-01-14","acq_time":"2320","bright_t31":289.5,"track":1.5,"version":"61.03","confidence":"68","scan":2.4,"type":"0","frp":51.3,"daynight":"N","instrument":"MODIS","brightness":316.5,"satellite":"Aqua","year":2023},"geometry":{"type":"Point","coordinates":[29.633,4.1033]}},
{"type":"Feature","properties":{"fid":70713,"acq_date":"2023-01-14","acq_time":"2349","bright_t31":290.64,"track":0.45,"version":"2","confidence":"n","scan":0.41,"type":"0","frp":3.83,"daynight":"N","instrument":"VIIRS","brightness":334.78,"satellite":"N20","year":2023},"geometry":{"type":"Point","coordinates":[29.63417,4.10934]}},
{"type":"Feature","properties":{"fid":196575,"acq_date":"2024-02-02","acq_time":"1954","bright_t31":290.0,"track":1.0,"version":"61.03","confidence":"20","scan":1.0,"type":"0","frp":6.4,"daynight":"N","instrument":"MODIS","brightness":307.0,"satellite":"Terra","year":2024},"geometry":{"type":"Point","coordinates":[29.6244,4.1067]}},
{"type":"Feature","properties":{"fid":196574,"acq_date":"2024-02-02","acq_time":"1954","bright_t31":291.7,"track":1.0,"version":"61.03","confidence":"67","scan":1.0,"type":"0","frp":11.3,"daynight":"N","instrument":"MODIS","brightness":313.8,"satellite":"Terra","year":2024},"geometry":{"type":"Point","coordinates":[29.6332,4.1079]}},
{"type":"Feature","properties":{"fid":185590,"acq_date":"2023-01-14","acq_time":"2024","bright_t31":293.0,"track":1.1,"version":"61.03","confidence":"100","scan":1.3,"type":"0","frp":84.6,"daynight":"N","instrument":"MODIS","brightness":347.0,"satellite":"Terra","year":2023},"geometry":{"type":"Point","coordinates":[29.6296,4.1087]}},
{"type":"Feature","properties":{"fid":185674,"acq_date":"2023-01-15","acq_time":"0842","bright_t31":300.4,"track":1.5,"version":"61.03","confidence":"86","scan":2.4,"type":"0","frp":89.8,"daynight":"D","instrument":"MODIS","brightness":333.4,"satellite":"Terra","year":2023},"geometry":{"type":"Point","coordinates":[29.6354,4.1116]}},
{"type":"Feature","properties":{"fid":167939,"acq_date":"2021-01-20","acq_time":"2323","bright_t31":283.1,"track":1.2,"version":"6.03","confidence":"100","scan":1.5,"type":"0","frp":43.9,"daynight":"N","instrument":"MODIS","brightness":325.4,"satellite":"Aqua","year":2021},"geometry":{"type":"Point","coordinates":[29.6221,4.0957]}},
{"type":"Feature","properties":{"fid":7643,"acq_date":"2021-01-20","acq_time":"2324","bright_t31":282.05,"track":0.36,"version":"2","confidence":"n","scan":0.39,"type":"0","frp":2.2,"daynight":"N","instrument":"VIIRS","brightness":310.68,"satellite":"N20","year":2021},"geometry":{"type":"Point","coordinates":[29.62222,4.09522]}},
{"type":"Feature","properties":{"fid":70719,"acq_date":"2023-01-14","acq_time":"2349","bright_t31":289.62,"track":0.45,"version":"2","confidence":"n","scan":0.41,"type":"0","frp":2.54,"daynight":"N","instrument":"VIIRS","brightness":325.02,"satellite":"N20","year":2023},"geometry":{"type":"Point","coordinates":[29.62617,4.10644]}},
{"type":"Feature","properties":{"fid":70725,"acq_date":"2023-01-14","acq_time":"2349","bright_t31":290.86,"track":0.45,"version":"2","confidence":"n","scan":0.41,"type":"0","frp":3.21,"daynight":"N","instrument":"VIIRS","brightness":334.78,"satellite":"N20","year":2023},"geometry":{"type":"Point","coordinates":[29.62552,4.10235]}},
{"type":"Feature","properties":{"fid":70734,"acq_date":"2023-01-14","acq_time":"2349","bright_t31":291.37,"track":0.45,"version":"2","confidence":"n","scan":0.41,"type":"0","frp":3.21,"daynight":"N","instrument":"VIIRS","brightness":336.09,"satellite":"N20","year":2023},"geometry":{"type":"Point","coordinates":[29.62485,4.09826]}},
{"type":"Feature","properties":{"fid":70749,"acq_date":"2023-01-14","acq_time":"2349","bright_t31":290.29,"track":0.45,"version":"2","confidence":"n","scan":0.41,"type":"0","frp":1.48,"daynight":"N","instrument":"VIIRS","brightness":315.47,"satellite":"N20","year":2023},"geometry":{"type":"Point","coordinates":[29.6242,4.09416]}},
{"type":"Feature","properties":{"fid":280673,"acq_date":"2023-01-14","acq_time":"2301","bright_t31":290.93,"track":0.51,"version":"2","confidence":"n","scan":0.56,"type":"0","frp":4.68,"daynight":"N","instrument":"VIIRS","brightness":322.87,"satellite":"N","year":2023},"geometry":{"type":"Point","coordinates":[29.62643,4.09896]}},
{"type":"Feature","properties":{"fid":280680,"acq_date":"2023-01-14","acq_time":"2301","bright_t31":292.62,"track":0.51,"version":"2","confidence":"n","scan":0.56,"type":"0","frp":8.74,"daynight":"N","instrument":"VIIRS","brightness":342.02,"satellite":"N","year":2023},"geometry":{"type":"Point","coordinates":[29.62569,4.09421]}},
{"type":"Feature","properties":{"fid":320559,"acq_date":"2024-02-02","acq_time":"2300","bright_t31":288.12,"track":0.51,"version":"2","confidence":"n","scan":0.55,"type":"0","frp":4.55,"daynight":"N","instrument":"VIIRS","brightness":338.84,"satellite":"N","year":2024},"geometry":{"type":"Point","coordinates":[29.62611,4.10848]}},
{"type":"Feature","properties":{"fid":320560,"acq_date":"2024-02-02","acq_time":"2300","bright_t31":287.94,"track":0.51,"version":"2","confidence":"n","scan":0.55,"type":"0","frp":4.55,"daynight":"N","instrument":"VIIRS","brightness":324.8,"satellite":"N","year":2024},"geometry":{"type":"Point","coordinates":[29.62535,4.10375]}},
{"type":"Feature","properties":{"fid":320566,"acq_date":"2024-02-02","acq_time":"2300","bright_t31":287.56,"track":0.51,"version":"2","confidence":"n","scan":0.55,"type":"0","frp":1.63,"daynight":"N","instrument":"VIIRS","brightness":302.25,"satellite":"N","year":2024},"geometry":{"type":"Point","coordinates":[29.62463,4.09902]}},
{"type":"Feature","properties":{"fid":280665,"acq_date":"2023-01-14","acq_time":"2301","bright_t31":290.47,"track":0.51,"version":"2","confidence":"n","scan":0.56,"type":"0","frp":4.68,"daynight":"N","instrument":"VIIRS","brightness":320.75,"satellite":"N","year":2023},"geometry":{"type":"Point","coordinates":[29.62713,4.10371]}},
{"type":"Feature","properties":{"fid":70735,"acq_date":"2023-01-14","acq_time":"2349","bright_t31":290.25,"track":0.45,"version":"2","confidence":"n","scan":0.41,"type":"0","frp":2.77,"daynight":"N","instrument":"VIIRS","brightness":336.28,"satellite":"N20","year":2023},"geometry":{"type":"Point","coordinates":[29.62848,4.09766]}},
{"type":"Feature","properties":{"fid":70733,"acq_date":"2023-01-14","acq_time":"2349","bright_t31":289.88,"track":0.45,"version":"2","confidence":"n","scan":0.41,"type":"0","frp":2.77,"daynight":"N","instrument":"VIIRS","brightness":315.05,"satellite":"N20","year":2023},"geometry":{"type":"Point","coordinates":[29.62916,4.10175]}},
{"type":"Feature","properties":{"fid":70721,"acq_date":"2023-01-14","acq_time":"2349","bright_t31":289.67,"track":0.45,"version":"2","confidence":"n","scan":0.41,"type":"0","frp":3.83,"daynight":"N","instrument":"VIIRS","brightness":302.36,"satellite":"N20","year":2023},"geometry":{"type":"Point","coordinates":[29.62983,4.10585]}},
{"type":"Feature","properties":{"fid":280674,"acq_date":"2023-01-14","acq_time":"2301","bright_t31":289.46,"track":0.51,"version":"2","confidence":"n","scan":0.56,"type":"0","frp":4.68,"daynight":"N","instrument":"VIIRS","brightness":334.74,"satellite":"N","year":2023},"geometry":{"type":"Point","coordinates":[29.63152,4.09821]}},
{"type":"Feature","properties":{"fid":70743,"acq_date":"2023-01-14","acq_time":"2349","bright_t31":288.42,"track":0.45,"version":"2","confidence":"n","scan":0.41,"type":"0","frp":2.77,"daynight":"N","instrument":"VIIRS","brightness":303.64,"satellite":"N20","year":2023},"geometry":{"type":"Point","coordinates":[29.63216,4.09706]}},
{"type":"Feature","properties":{"fid":280666,"acq_date":"2023-01-14","acq_time":"2301","bright_t31":289.77,"track":0.51,"version":"2","confidence":"n","scan":0.56,"type":"0","frp":4.68,"daynight":"N","instrument":"VIIRS","brightness":333.38,"satellite":"N","year":2023},"geometry":{"type":"Point","coordinates":[29.6322,4.10297]}},
{"type":"Feature","properties":{"fid":70726,"acq_date":"2023-01-14","acq_time":"2349","bright_t31":289.55,"track":0.45,"version":"2","confidence":"n","scan":0.41,"type":"0","frp":2.77,"daynight":"N","instrument":"VIIRS","brightness":326.99,"satellite":"N20","year":2023},"geometry":{"type":"Point","coordinates":[29.63284,4.10115]}},
{"type":"Feature","properties":{"fid":280660,"acq_date":"2023-01-14","acq_time":"2301","bright_t31":290.05,"track":0.51,"version":"2","confidence":"n","scan":0.56,"type":"0","frp":4.73,"daynight":"N","instrument":"VIIRS","brightness":327.49,"satellite":"N","year":2023},"geometry":{"type":"Point","coordinates":[29.63293,4.10772]}},
{"type":"Feature","properties":{"fid":70720,"acq_date":"2023-01-14","acq_time":"2349","bright_t31":290.66,"track":0.45,"version":"2","confidence":"n","scan":0.41,"type":"0","frp":3.83,"daynight":"N","instrument":"VIIRS","brightness":337.53,"satellite":"N20","year":2023},"geometry":{"type":"Point","coordinates":[29.63351,4.10524]}},
{"type":"Feature","properties":{"fid":72225,"acq_date":"2023-01-16","acq_time":"1033","bright_t31":297.44,"track":0.73,"version":"2","confidence":"n","scan":0.66,"type":"0","frp":13.06,"daynight":"D","instrument":"VIIRS","brightness":329.34,"satellite":"N20","year":2023},"geometry":{"type":"Point","coordinates":[29.63366,4.09746]}},
{"type":"Feature","properties":{"fid":71384,"acq_date":"2023-01-15","acq_time":"1052","bright_t31":299.68,"track":0.54,"version":"2","confidence":"n","scan":0.61,"type":"0","frp":17.12,"daynight":"D","instrument":"VIIRS","brightness":341.46,"satellite":"N20","year":2023},"geometry":{"type":"Point","coordinates":[29.63421,4.10031]}},
{"type":"Feature","properties":{"fid":4871,"acq_date":"2021-01-16","acq_time":"1201","bright_t31":293.42,"track":0.6,"version":"2","confidence":"n","scan":0.4,"type":"0","frp":8.57,"daynight":"D","instrument":"VIIRS","brightness":341.47,"satellite":"N20","year":2021},"geometry":{"type":"Point","coordinates":[29.63501,4.10663]}},
{"type":"Feature","properties":{"fid":71377,"acq_date":"2023-01-15","acq_time":"1052","bright_t31":301.77,"track":0.54,"version":"2","confidence":"n","scan":0.61,"type":"0","frp":17.12,"daynight":"D","instrument":"VIIRS","brightness":335.13,"satellite":"N20","year":2023},"geometry":{"type":"Point","coordinates":[29.63501,4.09541]}},
{"type":"Feature","properties":{"fid":358040,"acq_date":"2025-02-04","acq_time":"1202","bright_t31":283.56,"track":0.6,"version":"2","confidence":"l","scan":0.41,"type":"0","frp":40.28,"daynight":"D","instrument":"VIIRS","brightness":356.83,"satellite":"N","year":2025},"geometry":{"type":"Point","coordinates":[29.63657,4.10249]}},
{"type":"Feature","properties":{"fid":358044,"acq_date":"2025-02-04","acq_time":"1202","bright_t31":280.31,"track":0.6,"version":"2","confidence":"l","scan":0.41,"type":"0","frp":14.84,"daynight":"D","instrument":"VIIRS","brightness":357.01,"satellite":"N","year":2025},"geometry":{"type":"Point","coordinates":[29.63578,4.10808]}},
{"type":"Feature","properties":{"fid":358050,"acq_date":"2025-02-04","acq_time":"1202","bright_t31":282.67,"track":0.6,"version":"2","confidence":"n","scan":0.41,"type":"0","frp":14.74,"daynight":"D","instrument":"VIIRS","brightness":331.3,"satellite":"N","year":2025},"geometry":{"type":"Point","coordinates":[29.63519,4.1001]}},
{"type":"Feature","properties":{"fid":358051,"acq_date":"2025-02-04","acq_time":"1202","bright_t31":281.87,"track":0.6,"version":"2","confidence":"n","scan":0.41,"type":"0","frp":14.74,"daynight":"D","instrument":"VIIRS","brightness":352.84,"satellite":"N","year":2025},"geometry":{"type":"Point","coordinates":[29.6344,4.10569]}},
{"type":"Feature","properties":{"fid":358056,"acq_date":"2025-02-04","acq_time":"1202","bright_t31":279.95,"track":0.6,"version":"2","confidence":"n","scan":0.41,"type":"0","frp":10.2,"daynight":"D","instrument":"VIIRS","brightness":337.56,"satellite":"N","year":2025},"geometry":{"type":"Point","coordinates":[29.63356,4.11128]}},
{"type":"Feature","properties":{"fid":185842,"acq_date":"2023-01-15","acq_time":"1144","bright_t31":303.3,"track":1.0,"version":"61.03","confidence":"82","scan":1.0,"type":"0","frp":30.4,"daynight":"D","instrument":"MODIS","brightness":337.5,"satellite":"Aqua","year":2023},"geometry":{"type":"Point","coordinates":[29.6231,4.0837]}},
{"type":"Feature","properties":{"fid":214884,"acq_date":"2021-01-17","acq_time":"2330","bright_t31":287.1,"track":0.36,"version":"2","confidence":"n","scan":0.39,"type":"0","frp":0.37,"daynight":"N","instrument":"VIIRS","brightness":300.97,"satellite":"N","year":2021},"geometry":{"type":"Point","coordinates":[29.62431,4.079]}},
{"type":"Feature","properties":{"fid":196571,"acq_date":"2024-02-02","acq_time":"1954","bright_t31":291.3,"track":1.0,"version":"61.03","confidence":"100","scan":1.0,"type":"0","frp":24.8,"daynight":"N","instrument":"MODIS","brightness":327.9,"satellite":"Terra","year":2024},"geometry":{"type":"Point","coordinates":[29.6257,4.0777]}},
{"type":"Feature","properties":{"fid":214685,"acq_date":"2021-01-17","acq_time":"1052","bright_t31":303.01,"track":0.53,"version":"2","confidence":"n","scan":0.61,"type":"0","frp":9.21,"daynight":"D","instrument":"VIIRS","brightness":346.55,"satellite":"N","year":2021},"geometry":{"type":"Point","coordinates":[29.62598,4.08505]}},
{"type":"Feature","properties":{"fid":148912,"acq_date":"2025-02-04","acq_time":"2323","bright_t31":286.65,"track":0.36,"version":"2","confidence":"n","scan":0.39,"type":"0","frp":0.47,"daynight":"N","instrument":"VIIRS","brightness":299.41,"satellite":"N20","year":2025},"geometry":{"type":"Point","coordinates":[29.63085,4.0876]}},
{"type":"Feature","properties":{"fid":185676,"acq_date":"2023-01-15","acq_time":"0842","bright_t31":298.7,"track":1.5,"version":"61.03","confidence":"84","scan":2.4,"type":"0","frp":80.5,"daynight":"D","instrument":"MODIS","brightness":331.0,"satellite":"Terra","year":2023},"geometry":{"type":"Point","coordinates":[29.6314,4.085]}},
{"type":"Feature","properties":{"fid":214684,"acq_date":"2021-01-17","acq_time":"1052","bright_t31":305.03,"track":0.53,"version":"2","confidence":"n","scan":0.61,"type":"0","frp":9.21,"daynight":"D","instrument":"VIIRS","brightness":346.58,"satellite":"N","year":2021},"geometry":{"type":"Point","coordinates":[29.63152,4.08596]}},
{"type":"Feature","properties":{"fid":185841,"acq_date":"2023-01-15","acq_time":"1144","bright_t31":308.6,"track":1.0,"version":"61.03","confidence":"100","scan":1.0,"type":"0","frp":78.6,"daynight":"D","instrument":"MODIS","brightness":360.8,"satellite":"Aqua","year":2023},"geometry":{"type":"Point","coordinates":[29.632,4.085]}},
{"type":"Feature","properties":{"fid":185837,"acq_date":"2023-01-15","acq_time":"1144","bright_t31":307.9,"track":1.0,"version":"61.03","confidence":"100","scan":1.0,"type":"0","frp":84.6,"daynight":"D","instrument":"MODIS","brightness":362.9,"satellite":"Aqua","year":2023},"geometry":{"type":"Point","coordinates":[29.6333,4.0761]}},
{"type":"Feature","properties":{"fid":148911,"acq_date":"2025-02-04","acq_time":"2323","bright_t31":288.31,"track":0.36,"version":"2","confidence":"n","scan":0.39,"type":"0","frp":1.15,"daynight":"N","instrument":"VIIRS","brightness":309.27,"satellite":"N20","year":2025},"geometry":{"type":"Point","coordinates":[29.63486,4.09038]}},
{"type":"Feature","properties":{"fid":214577,"acq_date":"2021-01-16","acq_time":"2349","bright_t31":288.47,"track":0.45,"version":"2","confidence":"n","scan":0.41,"type":"0","frp":3.08,"daynight":"N","instrument":"VIIRS","brightness":330.0,"satellite":"N","year":2021},"geometry":{"type":"Point","coordinates":[29.63517,4.08697]}},
{"type":"Feature","properties":{"fid":214569,"acq_date":"2021-01-16","acq_time":"2349","bright_t31":289.07,"track":0.45,"version":"2","confidence":"n","scan":0.41,"type":"0","frp":4.33,"daynight":"N","instrument":"VIIRS","brightness":339.99,"satellite":"N","year":2021},"geometry":{"type":"Point","coordinates":[29.63558,4.08488]}},
{"type":"Feature","properties":{"fid":216924,"acq_date":"2021-01-20","acq_time":"2234","bright_t31":275.95,"track":0.77,"version":"2","confidence":"n","scan":0.75,"type":"0","frp":3.56,"daynight":"N","instrument":"VIIRS","brightness":296.34,"satellite":"N","year":2021},"geometry":{"type":"Point","coordinates":[29.62615,4.08533]}},
{"type":"Feature","properties":{"fid":216938,"acq_date":"2021-01-20","acq_time":"2234","bright_t31":277.86,"track":0.77,"version":"2","confidence":"n","scan":0.75,"type":"0","frp":7.35,"daynight":"N","instrument":"VIIRS","brightness":296.38,"satellite":"N","year":2021},"geometry":{"type":"Point","coordinates":[29.62601,4.08226]}},
{"type":"Feature","properties":{"fid":418235,"acq_date":"2025-02-04","acq_time":"2233","bright_t31":285.38,"track":0.78,"version":"2.0NRT","confidence":"n","scan":0.79,"type":null,"frp":2.33,"daynight":"N","instrument":"VIIRS","brightness":296.48,"satellite":"N21","year":2025},"geometry":{"type":"Point","coordinates":[29.63541,4.09041]}},
{"type":"Feature","properties":{"fid":5175,"acq_date":"2021-01-17","acq_time":"1142","bright_t31":304.29,"track":0.43,"version":"2","confidence":"n","scan":0.57,"type":"0","frp":9.94,"daynight":"D","instrument":"VIIRS","brightness":347.43,"satellite":"N20","year":2021},"geometry":{"type":"Point","coordinates":[29.62499,4.08727]}},
{"type":"Feature","properties":{"fid":5182,"acq_date":"2021-01-17","acq_time":"1142","bright_t31":307.46,"track":0.43,"version":"2","confidence":"n","scan":0.38,"type":"0","frp":9.37,"daynight":"D","instrument":"VIIRS","brightness":355.22,"satellite":"N20","year":2021},"geometry":{"type":"Point","coordinates":[29.62752,4.08589]}},
{"type":"Feature","properties":{"fid":5180,"acq_date":"2021-01-17","acq_time":"1142","bright_t31":309.77,"track":0.43,"version":"2","confidence":"h","scan":0.38,"type":"0","frp":9.37,"daynight":"D","instrument":"VIIRS","brightness":367.0,"satellite":"N20","year":2021},"geometry":{"type":"Point","coordinates":[29.63094,4.08638]}},
{"type":"Feature","properties":{"fid":70752,"acq_date":"2023-01-14","acq_time":"2349","bright_t31":291.02,"track":0.45,"version":"2","confidence":"n","scan":0.41,"type":"0","frp":6.76,"daynight":"N","instrument":"VIIRS","brightness":334.44,"satellite":"N20","year":2023},"geometry":{"type":"Point","coordinates":[29.6272,4.08946]}},
{"type":"Feature","properties":{"fid":71355,"acq_date":"2023-01-15","acq_time":"1052","bright_t31":306.96,"track":0.54,"version":"2","confidence":"n","scan":0.62,"type":"0","frp":28.22,"daynight":"D","instrument":"VIIRS","brightness":352.93,"satellite":"N20","year":2023},"geometry":{"type":"Point","coordinates":[29.63188,4.07984]}},
{"type":"Feature","properties":{"fid":71365,"acq_date":"2023-01-15","acq_time":"1052","bright_t31":302.44,"track":0.54,"version":"2","confidence":"n","scan":0.62,"type":"0","frp":21.28,"daynight":"D","instrument":"VIIRS","brightness":351.09,"satellite":"N20","year":2023},"geometry":{"type":"Point","coordinates":[29.6311,4.08473]}},
{"type":"Feature","properties":{"fid":71366,"acq_date":"2023-01-15","acq_time":"1052","bright_t31":301.53,"track":0.54,"version":"2","confidence":"n","scan":0.62,"type":"0","frp":21.28,"daynight":"D","instrument":"VIIRS","brightness":351.85,"satellite":"N20","year":2023},"geometry":{"type":"Point","coordinates":[29.62557,4.08383]}},
{"type":"Feature","properties":{"fid":280685,"acq_date":"2023-01-14","acq_time":"2301","bright_t31":292.72,"track":0.51,"version":"2","confidence":"n","scan":0.56,"type":"0","frp":8.74,"daynight":"N","instrument":"VIIRS","brightness":339.54,"satellite":"N","year":2023},"geometry":{"type":"Point","coordinates":[29.62491,4.08946]}},
{"type":"Feature","properties":{"fid":280688,"acq_date":"2023-01-14","acq_time":"2301","bright_t31":288.94,"track":0.51,"version":"2","confidence":"n","scan":0.56,"type":"0","frp":8.74,"daynight":"N","instrument":"VIIRS","brightness":300.24,"satellite":"N","year":2023},"geometry":{"type":"Point","coordinates":[29.63003,4.08871]}},
{"type":"Feature","properties":{"fid":281011,"acq_date":"2023-01-15","acq_time":"1144","bright_t31":309.69,"track":0.43,"version":"2","confidence":"n","scan":0.57,"type":"0","frp":31.48,"daynight":"D","instrument":"VIIRS","brightness":353.7,"satellite":"N","year":2023},"geometry":{"type":"Point","coordinates":[29.63077,4.07817]}},
{"type":"Feature","properties":{"fid":281012,"acq_date":"2023-01-15","acq_time":"1144","bright_t31":299.45,"track":0.43,"version":"2","confidence":"n","scan":0.57,"type":"0","frp":5.2,"daynight":"D","instrument":"VIIRS","brightness":331.83,"satellite":"N","year":2023},"geometry":{"type":"Point","coordinates":[29.62567,4.07741]}},
{"type":"Feature","properties":{"fid":281016,"acq_date":"2023-01-15","acq_time":"1144","bright_t31":305.3,"track":0.43,"version":"2","confidence":"n","scan":0.57,"type":"0","frp":22.22,"daynight":"D","instrument":"VIIRS","brightness":333.18,"satellite":"N","year":2023},"geometry":{"type":"Point","coordinates":[29.63019,4.08216]}},
{"type":"Feature","properties":{"fid":281019,"acq_date":"2023-01-15","acq_time":"1144","bright_t31":301.87,"track":0.43,"version":"2","confidence":"n","scan":0.57,"type":"0","frp":22.22,"daynight":"D","instrument":"VIIRS","brightness":337.12,"satellite":"N","year":2023},"geometry":{"type":"Point","coordinates":[29.62961,4.08615]}},
{"type":"Feature","properties":{"fid":281020,"acq_date":"2023-01-15","acq_time":"1144","bright_t31":301.08,"track":0.43,"version":"2","confidence":"n","scan":0.57,"type":"0","frp":16.52,"daynight":"D","instrument":"VIIRS","brightness":349.66,"satellite":"N","year":2023},"geometry":{"type":"Point","coordinates":[29.6245,4.08539]}},
{"type":"Feature","properties":{"fid":320572,"acq_date":"2024-02-02","acq_time":"2300","bright_t31":286.73,"track":0.51,"version":"2","confidence":"n","scan":0.55,"type":"0","frp":1.07,"daynight":"N","instrument":"VIIRS","brightness":304.55,"satellite":"N","year":2024},"geometry":{"type":"Point","coordinates":[29.62746,4.0841]}},
{"type":"Feature","properties":{"fid":320601,"acq_date":"2024-02-02","acq_time":"2300","bright_t31":286.44,"track":0.51,"version":"2","confidence":"n","scan":0.55,"type":"0","frp":0.91,"daynight":"N","instrument":"VIIRS","brightness":300.92,"satellite":"N","year":2024},"geometry":{"type":"Point","coordinates":[29.62525,4.07898]}},
{"type":"Feature","properties":{"fid":281010,"acq_date":"2023-01-15","acq_time":"1144","bright_t31":302.74,"track":0.43,"version":"2","confidence":"n","scan":0.57,"type":"0","frp":31.48,"daynight":"D","instrument":"VIIRS","brightness":336.3,"satellite":"N","year":2023},"geometry":{"type":"Point","coordinates":[29.63588,4.07893]}},
{"type":"Feature","properties":{"fid":281015,"acq_date":"2023-01-15","acq_time":"1144","bright_t31":307.78,"track":0.43,"version":"2","confidence":"n","scan":0.57,"type":"0","frp":22.22,"daynight":"D","instrument":"VIIRS","brightness":344.73,"satellite":"N","year":2023},"geometry":{"type":"Point","coordinates":[29.63531,4.08292]}},
{"type":"Feature","properties":{"fid":281652,"acq_date":"2023-01-15","acq_time":"2242","bright_t31":284.38,"track":0.7,"version":"2","confidence":"n","scan":0.59,"type":"0","frp":14.85,"daynight":"N","instrument":"VIIRS","brightness":299.95,"satellite":"N","year":2023},"geometry":{"type":"Point","coordinates":[29.63552,4.08508]}},
{"type":"Feature","properties":{"fid":71364,"acq_date":"2023-01-15","acq_time":"1052","bright_t31":302.69,"track":0.54,"version":"2","confidence":"n","scan":0.61,"type":"0","frp":38.41,"daynight":"D","instrument":"VIIRS","brightness":347.63,"satellite":"N20","year":2023},"geometry":{"type":"Point","coordinates":[29.63658,4.08563]}},
{"type":"Feature","properties":{"fid":281018,"acq_date":"2023-01-15","acq_time":"1144","bright_t31":307.39,"track":0.43,"version":"2","confidence":"n","scan":0.57,"type":"0","frp":22.22,"daynight":"D","instrument":"VIIRS","brightness":345.08,"satellite":"N","year":2023},"geometry":{"type":"Point","coordinates":[29.63475,4.08691]}},
{"type":"Feature","properties":{"fid":70754,"acq_date":"2023-01-14","acq_time":"2349","bright_t31":289.78,"track":0.45,"version":"2","confidence":"n","scan":0.41,"type":"0","frp":1.48,"daynight":"N","instrument":"VIIRS","brightness":303.56,"satellite":"N20","year":2023},"geometry":{"type":"Point","coordinates":[29.62357,4.09006]}},
{"type":"Feature","properties":{"fid":70745,"acq_date":"2023-01-14","acq_time":"2349","bright_t31":292.51,"track":0.45,"version":"2","confidence":"n","scan":0.41,"type":"0","frp":6.76,"daynight":"N","instrument":"VIIRS","brightness":338.42,"satellite":"N20","year":2023},"geometry":{"type":"Point","coordinates":[29.62782,4.09356]}},
{"type":"Feature","properties":{"fid":280681,"acq_date":"2023-01-14","acq_time":"2301","bright_t31":288.77,"track":0.51,"version":"2","confidence":"n","scan":0.56,"type":"0","frp":8.74,"daynight":"N","instrument":"VIIRS","brightness":320.35,"satellite":"N","year":2023},"geometry":{"type":"Point","coordinates":[29.6308,4.09346]}},
{"type":"Feature","properties":{"fid":71372,"acq_date":"2023-01-15","acq_time":"1052","bright_t31":306.66,"track":0.54,"version":"2","confidence":"n","scan":0.61,"type":"0","frp":38.41,"daynight":"D","instrument":"VIIRS","brightness":345.12,"satellite":"N20","year":2023},"geometry":{"type":"Point","coordinates":[29.63578,4.09052]}},
{"type":"Feature","properties":{"fid":185838,"acq_date":"2023-01-15","acq_time":"1144","bright_t31":305.2,"track":1.0,"version":"61.03","confidence":"90","scan":1.0,"type":"0","frp":37.8,"daynight":"D","instrument":"MODIS","brightness":342.2,"satellite":"Aqua","year":2023},"geometry":{"type":"Point","coordinates":[29.6244,4.0748]}},
{"type":"Feature","properties":{"fid":214682,"acq_date":"2021-01-17","acq_time":"1052","bright_t31":305.61,"track":0.53,"version":"2","confidence":"n","scan":0.61,"type":"0","frp":29.16,"daynight":"D","instrument":"VIIRS","brightness":345.36,"satellite":"N","year":2021},"geometry":{"type":"Point","coordinates":[29.62751,4.07521]}},
{"type":"Feature","properties":{"fid":113720,"acq_date":"2024-02-02","acq_time":"2350","bright_t31":282.28,"track":0.45,"version":"2","confidence":"n","scan":0.41,"type":"0","frp":1.1,"daynight":"N","instrument":"VIIRS","brightness":304.61,"satellite":"N20","year":2024},"geometry":{"type":"Point","coordinates":[29.62822,4.07211]}},
{"type":"Feature","properties":{"fid":421601,"acq_date":"2025-02-13","acq_time":"2305","bright_t31":288.69,"track":0.46,"version":"2.0NRT","confidence":"n","scan":0.44,"type":null,"frp":3.32,"daynight":"N","instrument":"VIIRS","brightness":309.9,"satellite":"N21","year":2025},"geometry":{"type":"Point","coordinates":[29.63002,4.07463]}},
{"type":"Feature","properties":{"fid":167364,"acq_date":"2021-01-17","acq_time":"1211","bright_t31":301.9,"track":1.8,"version":"6.03","confidence":"53","scan":3.8,"type":"0","frp":72.4,"daynight":"D","instrument":"MODIS","brightness":322.8,"satellite":"Aqua","year":2021},"geometry":{"type":"Point","coordinates":[29.6195,4.0649]}},
{"type":"Feature","properties":{"fid":214676,"acq_date":"2021-01-17","acq_time":"1052","bright_t31":304.29,"track":0.53,"version":"2","confidence":"n","scan":0.61,"type":"0","frp":26.54,"daynight":"D","instrument":"VIIRS","brightness":335.92,"satellite":"N","year":2021},"geometry":{"type":"Point","coordinates":[29.6235,4.06445]}},
{"type":"Feature","properties":{"fid":71347,"acq_date":"2023-01-15","acq_time":"1052","bright_t31":299.84,"track":0.54,"version":"2","confidence":"n","scan":0.62,"type":"0","frp":28.22,"daynight":"D","instrument":"VIIRS","brightness":338.98,"satellite":"N20","year":2023},"geometry":{"type":"Point","coordinates":[29.63266,4.07494]}},
{"type":"Feature","properties":{"fid":214675,"acq_date":"2021-01-17","acq_time":"1052","bright_t31":303.96,"track":0.53,"version":"2","confidence":"n","scan":0.61,"type":"0","frp":27.04,"daynight":"D","instrument":"VIIRS","brightness":341.78,"satellite":"N","year":2021},"geometry":{"type":"Point","coordinates":[29.63459,4.06628]}},
{"type":"Feature","properties":{"fid":320582,"acq_date":"2024-02-02","acq_time":"2300","bright_t31":286.94,"track":0.51,"version":"2","confidence":"n","scan":0.55,"type":"0","frp":2.76,"daynight":"N","instrument":"VIIRS","brightness":316.36,"satellite":"N","year":2024},"geometry":{"type":"Point","coordinates":[29.62522,4.06992]}},
{"type":"Feature","properties":{"fid":320585,"acq_date":"2024-02-02","acq_time":"2300","bright_t31":287.2,"track":0.51,"version":"2","confidence":"n","scan":0.55,"type":"0","frp":2.76,"daynight":"N","instrument":"VIIRS","brightness":317.62,"satellite":"N","year":2024},"geometry":{"type":"Point","coordinates":[29.62449,4.06519]}},
{"type":"Feature","properties":{"fid":320606,"acq_date":"2024-02-02","acq_time":"2300","bright_t31":287.52,"track":0.51,"version":"2","confidence":"n","scan":0.55,"type":"0","frp":1.74,"daynight":"N","instrument":"VIIRS","brightness":313.23,"satellite":"N","year":2024},"geometry":{"type":"Point","coordinates":[29.62885,4.06875]}},
{"type":"Feature","properties":{"fid":320611,"acq_date":"2024-02-02","acq_time":"2300","bright_t31":286.14,"track":0.51,"version":"2","confidence":"n","scan":0.55,"type":"0","frp":3.07,"daynight":"N","instrument":"VIIRS","brightness":301.48,"satellite":"N","year":2024},"geometry":{"type":"Point","coordinates":[29.62306,4.0648]}},
{"type":"Feature","properties":{"fid":320612,"acq_date":"2024-02-02","acq_time":"2300","bright_t31":287.41,"track":0.51,"version":"2","confidence":"n","scan":0.55,"type":"0","frp":1.74,"daynight":"N","instrument":"VIIRS","brightness":304.51,"satellite":"N","year":2024},"geometry":{"type":"Point","coordinates":[29.62815,4.06402]}},
{"type":"Feature","properties":{"fid":5164,"acq_date":"2021-01-17","acq_time":"1142","bright_t31":308.91,"track":0.43,"version":"2","confidence":"n","scan":0.38,"type":"0","frp":13.38,"daynight":"D","instrument":"VIIRS","brightness":342.79,"satellite":"N20","year":2021},"geometry":{"type":"Point","coordinates":[29.63616,4.06453]}},
{"type":"Feature","properties":{"fid":281675,"acq_date":"2023-01-15","acq_time":"2242","bright_t31":286.27,"track":0.7,"version":"2","confidence":"n","scan":0.59,"type":"0","frp":30.01,"daynight":"N","instrument":"VIIRS","brightness":315.37,"satellite":"N","year":2023},"geometry":{"type":"Point","coordinates":[29.63651,4.06529]}},
{"type":"Feature","properties":{"fid":421599,"acq_date":"2025-02-13","acq_time":"2305","bright_t31":293.81,"track":0.46,"version":"2.0NRT","confidence":"n","scan":0.44,"type":null,"frp":15.49,"daynight":"N","instrument":"VIIRS","brightness":354.39,"satellite":"N21","year":2025},"geometry":{"type":"Point","coordinates":[29.63663,4.06503]}},
{"type":"Feature","properties":{"fid":421600,"acq_date":"2025-02-13","acq_time":"2305","bright_t31":289.43,"track":0.46,"version":"2.0NRT","confidence":"n","scan":0.44,"type":null,"frp":2.94,"daynight":"N","instrument":"VIIRS","brightness":306.1,"satellite":"N21","year":2025},"geometry":{"type":"Point","coordinates":[29.63729,4.06925]}},
{"type":"Feature","properties":{"fid":5172,"acq_date":"2021-01-17","acq_time":"1142","bright_t31":306.52,"track":0.43,"version":"2","confidence":"l","scan":0.57,"type":"0","frp":10.99,"daynight":"D","instrument":"VIIRS","brightness":333.66,"satellite":"N20","year":2021},"geometry":{"type":"Point","coordinates":[29.62672,4.07532]}},
{"type":"Feature","properties":{"fid":71348,"acq_date":"2023-01-15","acq_time":"1052","bright_t31":300.87,"track":0.54,"version":"2","confidence":"n","scan":0.62,"type":"0","frp":28.22,"daynight":"D","instrument":"VIIRS","brightness":354.86,"satellite":"N20","year":2023},"geometry":{"type":"Point","coordinates":[29.62711,4.07403]}},
{"type":"Feature","properties":{"fid":113722,"acq_date":"2024-02-02","acq_time":"2350","bright_t31":281.43,"track":0.45,"version":"2","confidence":"n","scan":0.41,"type":"0","frp":1.37,"daynight":"N","instrument":"VIIRS","brightness":301.32,"satellite":"N20","year":2024},"geometry":{"type":"Point","coordinates":[29.62756,4.06801]}},
{"type":"Feature","properties":{"fid":196567,"acq_date":"2024-02-02","acq_time":"1954","bright_t31":290.8,"track":1.0,"version":"61.03","confidence":"23","scan":1.0,"type":"0","frp":9.7,"daynight":"N","instrument":"MODIS","brightness":312.5,"satellite":"Terra","year":2024},"geometry":{"type":"Point","coordinates":[29.627,4.0689]}},
{"type":"Feature","properties":{"fid":71402,"acq_date":"2023-01-15","acq_time":"1052","bright_t31":306.92,"track":0.54,"version":"2","confidence":"n","scan":0.61,"type":"0","frp":49.93,"daynight":"D","instrument":"VIIRS","brightness":351.44,"satellite":"N20","year":2023},"geometry":{"type":"Point","coordinates":[29.642,4.12163]}},
{"type":"Feature","properties":{"fid":71429,"acq_date":"2023-01-15","acq_time":"1052","bright_t31":304.52,"track":0.54,"version":"2","confidence":"n","scan":0.61,"type":"0","frp":14.14,"daynight":"D","instrument":"VIIRS","brightness":337.74,"satellite":"N20","year":2023},"geometry":{"type":"Point","coordinates":[29.63961,4.12369]}},
{"type":"Feature","properties":{"fid":385863,"acq_date":"2024-02-03","acq_time":"1117","bright_t31":301.88,"track":0.37,"version":"2.0NRT","confidence":"n","scan":0.4,"type":null,"frp":6.12,"daynight":"D","instrument":"VIIRS","brightness":341.51,"satellite":"N21","year":2024},"geometry":{"type":"Point","coordinates":[29.6406,4.12389]}},
{"type":"Feature","properties":{"fid":71407,"acq_date":"2023-01-15","acq_time":"1052","bright_t31":301.78,"track":0.54,"version":"2","confidence":"n","scan":0.61,"type":"0","frp":10.55,"daynight":"D","instrument":"VIIRS","brightness":356.31,"satellite":"N20","year":2023},"geometry":{"type":"Point","coordinates":[29.64116,4.12651]}},
{"type":"Feature","properties":{"fid":113897,"acq_date":"2024-02-03","acq_time":"1053","bright_t31":293.25,"track":0.54,"version":"2","confidence":"n","scan":0.61,"type":"0","frp":6.6,"daynight":"D","instrument":"VIIRS","brightness":337.83,"satellite":"N20","year":2024},"geometry":{"type":"Point","coordinates":[29.64062,4.12662]}},
{"type":"Feature","properties":{"fid":71432,"acq_date":"2023-01-15","acq_time":"1052","bright_t31":302.79,"track":0.54,"version":"2","confidence":"n","scan":0.61,"type":"0","frp":14.14,"daynight":"D","instrument":"VIIRS","brightness":343.17,"satellite":"N20","year":2023},"geometry":{"type":"Point","coordinates":[29.63879,4.12857]}},
{"type":"Feature","properties":{"fid":281068,"acq_date":"2023-01-15","acq_time":"1144","bright_t31":304.89,"track":0.43,"version":"2","confidence":"n","scan":0.57,"type":"0","frp":20.77,"daynight":"D","instrument":"VIIRS","brightness":349.11,"satellite":"N","year":2023},"geometry":{"type":"Point","coordinates":[29.64212,4.12656]}},
{"type":"Feature","properties":{"fid":281050,"acq_date":"2023-01-15","acq_time":"1144","bright_t31":308.22,"track":0.43,"version":"2","confidence":"l","scan":0.57,"type":"0","frp":21.6,"daynight":"D","instrument":"VIIRS","brightness":336.83,"satellite":"N","year":2023},"geometry":{"type":"Point","coordinates":[29.63927,4.1284]}},
{"type":"Feature","properties":{"fid":320555,"acq_date":"2024-02-02","acq_time":"2300","bright_t31":286.99,"track":0.51,"version":"2","confidence":"n","scan":0.55,"type":"0","frp":1.99,"daynight":"N","instrument":"VIIRS","brightness":306.07,"satellite":"N","year":2024},"geometry":{"type":"Point","coordinates":[29.63831,4.12119]}},
{"type":"Feature","properties":{"fid":320925,"acq_date":"2024-02-03","acq_time":"1143","bright_t31":297.03,"track":0.44,"version":"2","confidence":"n","scan":0.38,"type":"0","frp":4.59,"daynight":"D","instrument":"VIIRS","brightness":339.57,"satellite":"N","year":2024},"geometry":{"type":"Point","coordinates":[29.6409,4.12721]}},
{"type":"Feature","properties":{"fid":358061,"acq_date":"2025-02-04","acq_time":"1202","bright_t31":276.36,"track":0.6,"version":"2","confidence":"n","scan":0.41,"type":"0","frp":5.13,"daynight":"D","instrument":"VIIRS","brightness":339.64,"satellite":"N","year":2025},"geometry":{"type":"Point","coordinates":[29.63944,4.12352]}},
{"type":"Feature","properties":{"fid":185848,"acq_date":"2023-01-15","acq_time":"1144","bright_t31":307.3,"track":1.0,"version":"61.03","confidence":"100","scan":1.0,"type":"0","frp":82.3,"daynight":"D","instrument":"MODIS","brightness":362.2,"satellite":"Aqua","year":2023},"geometry":{"type":"Point","coordinates":[29.6383,4.1041]}},
{"type":"Feature","properties":{"fid":113308,"acq_date":"2024-02-02","acq_time":"1111","bright_t31":299.54,"track":0.39,"version":"2","confidence":"n","scan":0.46,"type":"0","frp":19.96,"daynight":"D","instrument":"VIIRS","brightness":355.45,"satellite":"N20","year":2024},"geometry":{"type":"Point","coordinates":[29.63809,4.10912]}},
{"type":"Feature","properties":{"fid":185629,"acq_date":"2023-01-14","acq_time":"2320","bright_t31":289.0,"track":1.5,"version":"61.03","confidence":"90","scan":2.4,"type":"0","frp":49.6,"daynight":"N","instrument":"MODIS","brightness":314.8,"satellite":"Aqua","year":2023},"geometry":{"type":"Point","coordinates":[29.6413,4.1107]}},
{"type":"Feature","properties":{"fid":113315,"acq_date":"2024-02-02","acq_time":"1111","bright_t31":296.51,"track":0.39,"version":"2","confidence":"n","scan":0.46,"type":"0","frp":34.87,"daynight":"D","instrument":"VIIRS","brightness":333.47,"satellite":"N20","year":2024},"geometry":{"type":"Point","coordinates":[29.64165,4.11337]}},
{"type":"Feature","properties":{"fid":71417,"acq_date":"2023-01-15","acq_time":"1052","bright_t31":302.47,"track":0.54,"version":"2","confidence":"h","scan":0.61,"type":"0","frp":28.15,"daynight":"D","instrument":"VIIRS","brightness":367.0,"satellite":"N20","year":2023},"geometry":{"type":"Point","coordinates":[29.64106,4.1139]}},
{"type":"Feature","properties":{"fid":196578,"acq_date":"2024-02-02","acq_time":"1954","bright_t31":291.2,"track":1.0,"version":"61.03","confidence":"33","scan":1.0,"type":"0","frp":13.2,"daynight":"N","instrument":"MODIS","brightness":317.8,"satellite":"Terra","year":2024},"geometry":{"type":"Point","coordinates":[29.6407,4.118]}},
{"type":"Feature","properties":{"fid":71423,"acq_date":"2023-01-15","acq_time":"1052","bright_t31":308.81,"track":0.54,"version":"2","confidence":"n","scan":0.61,"type":"0","frp":28.15,"daynight":"D","instrument":"VIIRS","brightness":347.23,"satellite":"N20","year":2023},"geometry":{"type":"Point","coordinates":[29.64038,4.1188]}},
{"type":"Feature","properties":{"fid":4870,"acq_date":"2021-01-16","acq_time":"1201","bright_t31":292.39,"track":0.6,"version":"2","confidence":"n","scan":0.4,"type":"0","frp":13.51,"daynight":"D","instrument":"VIIRS","brightness":334.99,"satellite":"N20","year":2021},"geometry":{"type":"Point","coordinates":[29.6387,4.10716]}},
{"type":"Feature","properties":{"fid":71393,"acq_date":"2023-01-15","acq_time":"1052","bright_t31":303.77,"track":0.54,"version":"2","confidence":"n","scan":0.61,"type":"0","frp":28.79,"daynight":"D","instrument":"VIIRS","brightness":338.82,"satellite":"N20","year":2023},"geometry":{"type":"Point","coordinates":[29.63883,4.10607]}},
{"type":"Feature","properties":{"fid":358037,"acq_date":"2025-02-04","acq_time":"1202","bright_t31":294.53,"track":0.6,"version":"2","confidence":"h","scan":0.41,"type":"0","frp":40.28,"daynight":"D","instrument":"VIIRS","brightness":367.0,"satellite":"N","year":2025},"geometry":{"type":"Point","coordinates":[29.64034,4.10304]}},
{"type":"Feature","properties":{"fid":358053,"acq_date":"2025-02-04","acq_time":"1202","bright_t31":274.11,"track":0.6,"version":"2","confidence":"l","scan":0.41,"type":"0","frp":14.74,"daynight":"D","instrument":"VIIRS","brightness":356.44,"satellite":"N","year":2025},"geometry":{"type":"Point","coordinates":[29.63819,4.10622]}},
{"type":"Feature","properties":{"fid":281034,"acq_date":"2023-01-15","acq_time":"1144","bright_t31":307.15,"track":0.43,"version":"2","confidence":"n","scan":0.57,"type":"0","frp":22.38,"daynight":"D","instrument":"VIIRS","brightness":342.65,"satellite":"N","year":2023},"geometry":{"type":"Point","coordinates":[29.64163,4.11242]}},
{"type":"Feature","properties":{"fid":281039,"acq_date":"2023-01-15","acq_time":"1144","bright_t31":308.1,"track":0.43,"version":"2","confidence":"n","scan":0.57,"type":"0","frp":22.37,"daynight":"D","instrument":"VIIRS","brightness":349.51,"satellite":"N","year":2023},"geometry":{"type":"Point","coordinates":[29.64101,4.11641]}},
{"type":"Feature","properties":{"fid":281048,"acq_date":"2023-01-15","acq_time":"1144","bright_t31":306.15,"track":0.43,"version":"2","confidence":"l","scan":0.57,"type":"0","frp":22.37,"daynight":"D","instrument":"VIIRS","brightness":332.97,"satellite":"N","year":2023},"geometry":{"type":"Point","coordinates":[29.64039,4.1204]}},
{"type":"Feature","properties":{"fid":281059,"acq_date":"2023-01-15","acq_time":"1144","bright_t31":304.57,"track":0.43,"version":"2","confidence":"l","scan":0.57,"type":"0","frp":28.76,"daynight":"D","instrument":"VIIRS","brightness":333.51,"satellite":"N","year":2023},"geometry":{"type":"Point","coordinates":[29.63807,4.11782]}},
{"type":"Feature","properties":{"fid":358060,"acq_date":"2025-02-04","acq_time":"1202","bright_t31":282.06,"track":0.6,"version":"2","confidence":"l","scan":0.41,"type":"0","frp":8.85,"daynight":"D","instrument":"VIIRS","brightness":357.89,"satellite":"N","year":2025},"geometry":{"type":"Point","coordinates":[29.64026,4.11793]}},
{"type":"Feature","properties":{"fid":167301,"acq_date":"2021-01-16","acq_time":"2347","bright_t31":288.5,"track":1.1,"version":"6.03","confidence":"43","scan":1.1,"type":"0","frp":6.8,"daynight":"N","instrument":"MODIS","brightness":301.6,"satellite":"Aqua","year":2021},"geometry":{"type":"Point","coordinates":[29.6398,4.089]}},
{"type":"Feature","properties":{"fid":185840,"acq_date":"2023-01-15","acq_time":"1144","bright_t31":305.1,"track":1.0,"version":"61.03","confidence":"92","scan":1.0,"type":"0","frp":43.9,"daynight":"D","instrument":"MODIS","brightness":345.9,"satellite":"Aqua","year":2023},"geometry":{"type":"Point","coordinates":[29.6409,4.0863]}},
{"type":"Feature","properties":{"fid":148910,"acq_date":"2025-02-04","acq_time":"2323","bright_t31":287.06,"track":0.36,"version":"2","confidence":"n","scan":0.39,"type":"0","frp":1.15,"daynight":"N","instrument":"VIIRS","brightness":307.46,"satellite":"N20","year":2025},"geometry":{"type":"Point","coordinates":[29.63887,4.09316]}},
{"type":"Feature","properties":{"fid":185844,"acq_date":"2023-01-15","acq_time":"1144","bright_t31":306.4,"track":1.0,"version":"61.03","confidence":"100","scan":1.0,"type":"0","frp":78.9,"daynight":"D","instrument":"MODIS","brightness":360.7,"satellite":"Aqua","year":2023},"geometry":{"type":"Point","coordinates":[29.6396,4.0952]}},
{"type":"Feature","properties":{"fid":167719,"acq_date":"2021-01-19","acq_time":"1159","bright_t31":300.4,"track":1.4,"version":"6.03","confidence":"63","scan":2.2,"type":"0","frp":42.1,"daynight":"D","instrument":"MODIS","brightness":327.8,"satellite":"Aqua","year":2021},"geometry":{"type":"Point","coordinates":[29.6404,4.0956]}},
{"type":"Feature","properties":{"fid":113267,"acq_date":"2024-02-02","acq_time":"1111","bright_t31":300.44,"track":0.39,"version":"2","confidence":"n","scan":0.46,"type":"0","frp":6.76,"daynight":"D","instrument":"VIIRS","brightness":345.67,"satellite":"N20","year":2024},"geometry":{"type":"Point","coordinates":[29.63999,4.09671]}},
{"type":"Feature","properties":{"fid":185630,"acq_date":"2023-01-14","acq_time":"2320","bright_t31":289.1,"track":1.5,"version":"61.03","confidence":"92","scan":2.4,"type":"0","frp":52.3,"daynight":"N","instrument":"MODIS","brightness":316.3,"satellite":"Aqua","year":2023},"geometry":{"type":"Point","coordinates":[29.6395,4.0973]}},
{"type":"Feature","properties":{"fid":113292,"acq_date":"2024-02-02","acq_time":"1111","bright_t31":304.65,"track":0.39,"version":"2","confidence":"n","scan":0.46,"type":"0","frp":13.84,"daynight":"D","instrument":"VIIRS","brightness":349.18,"satellite":"N20","year":2024},"geometry":{"type":"Point","coordinates":[29.63975,4.09833]}},
{"type":"Feature","properties":{"fid":113279,"acq_date":"2024-02-02","acq_time":"1111","bright_t31":304.24,"track":0.39,"version":"2","confidence":"n","scan":0.46,"type":"0","frp":11.64,"daynight":"D","instrument":"VIIRS","brightness":335.5,"satellite":"N20","year":2024},"geometry":{"type":"Point","coordinates":[29.63943,4.10031]}},
{"type":"Feature","properties":{"fid":384720,"acq_date":"2024-02-02","acq_time":"1134","bright_t31":291.43,"track":0.4,"version":"2.0NRT","confidence":"n","scan":0.47,"type":null,"frp":8.76,"daynight":"D","instrument":"VIIRS","brightness":331.78,"satellite":"N21","year":2024},"geometry":{"type":"Point","coordinates":[29.638,4.09888]}},
{"type":"Feature","properties":{"fid":418335,"acq_date":"2025-02-05","acq_time":"0015","bright_t31":280.48,"track":0.69,"version":"2.0NRT","confidence":"n","scan":0.56,"type":null,"frp":2.59,"daynight":"N","instrument":"VIIRS","brightness":305.93,"satellite":"N21","year":2025},"geometry":{"type":"Point","coordinates":[29.63983,4.09228]}},
{"type":"Feature","properties":{"fid":418338,"acq_date":"2025-02-05","acq_time":"0015","bright_t31":280.86,"track":0.69,"version":"2.0NRT","confidence":"n","scan":0.56,"type":null,"frp":1.96,"daynight":"N","instrument":"VIIRS","brightness":304.85,"satellite":"N21","year":2025},"geometry":{"type":"Point","coordinates":[29.64021,4.09384]}},
{"type":"Feature","properties":{"fid":281661,"acq_date":"2023-01-15","acq_time":"2242","bright_t31":287.96,"track":0.7,"version":"2","confidence":"h","scan":0.59,"type":"0","frp":26.52,"daynight":"N","instrument":"VIIRS","brightness":367.0,"satellite":"N","year":2023},"geometry":{"type":"Point","coordinates":[29.63956,4.08478]}},
{"type":"Feature","properties":{"fid":71778,"acq_date":"2023-01-15","acq_time":"2331","bright_t31":286.13,"track":0.36,"version":"2","confidence":"n","scan":0.39,"type":"0","frp":2.97,"daynight":"N","instrument":"VIIRS","brightness":313.44,"satellite":"N20","year":2023},"geometry":{"type":"Point","coordinates":[29.64033,4.08503]}},
{"type":"Feature","properties":{"fid":5477,"acq_date":"2021-01-17","acq_time":"2240","bright_t31":285.19,"track":0.7,"version":"2","confidence":"n","scan":0.59,"type":"0","frp":1.6,"daynight":"N","instrument":"VIIRS","brightness":310.11,"satellite":"N20","year":2021},"geometry":{"type":"Point","coordinates":[29.64095,4.08619]}},
{"type":"Feature","properties":{"fid":281017,"acq_date":"2023-01-15","acq_time":"1144","bright_t31":301.74,"track":0.43,"version":"2","confidence":"n","scan":0.57,"type":"0","frp":12.83,"daynight":"D","instrument":"VIIRS","brightness":335.36,"satellite":"N","year":2023},"geometry":{"type":"Point","coordinates":[29.63991,4.08768]}},
{"type":"Feature","properties":{"fid":281023,"acq_date":"2023-01-15","acq_time":"1144","bright_t31":306.56,"track":0.43,"version":"2","confidence":"n","scan":0.57,"type":"0","frp":48.13,"daynight":"D","instrument":"VIIRS","brightness":337.85,"satellite":"N","year":2023},"geometry":{"type":"Point","coordinates":[29.63934,4.09168]}},
{"type":"Feature","properties":{"fid":72224,"acq_date":"2023-01-16","acq_time":"1033","bright_t31":296.55,"track":0.73,"version":"2","confidence":"n","scan":0.66,"type":"0","frp":13.06,"daynight":"D","instrument":"VIIRS","brightness":338.36,"satellite":"N20","year":2023},"geometry":{"type":"Point","coordinates":[29.63934,4.09845]}},
{"type":"Feature","properties":{"fid":71383,"acq_date":"2023-01-15","acq_time":"1052","bright_t31":305.0,"track":0.54,"version":"2","confidence":"n","scan":0.61,"type":"0","frp":17.12,"daynight":"D","instrument":"VIIRS","brightness":355.62,"satellite":"N20","year":2023},"geometry":{"type":"Point","coordinates":[29.63961,4.10118]}},
{"type":"Feature","properties":{"fid":282196,"acq_date":"2023-01-16","acq_time":"1125","bright_t31":308.49,"track":0.36,"version":"2","confidence":"n","scan":0.38,"type":"0","frp":36.93,"daynight":"D","instrument":"VIIRS","brightness":340.03,"satellite":"N","year":2023},"geometry":{"type":"Point","coordinates":[29.64173,4.09497]}},
{"type":"Feature","properties":{"fid":358048,"acq_date":"2025-02-04","acq_time":"1202","bright_t31":292.71,"track":0.6,"version":"2","confidence":"h","scan":0.41,"type":"0","frp":14.74,"daynight":"D","instrument":"VIIRS","brightness":367.0,"satellite":"N","year":2025},"geometry":{"type":"Point","coordinates":[29.63898,4.10062]}},
{"type":"Feature","properties":{"fid":358254,"acq_date":"2025-02-04","acq_time":"2300","bright_t31":287.97,"track":0.51,"version":"2","confidence":"n","scan":0.54,"type":"0","frp":2.11,"daynight":"N","instrument":"VIIRS","brightness":307.08,"satellite":"N","year":2025},"geometry":{"type":"Point","coordinates":[29.63878,4.09041]}},
{"type":"Feature","properties":{"fid":214683,"acq_date":"2021-01-17","acq_time":"1052","bright_t31":304.3,"track":0.53,"version":"2","confidence":"n","scan":0.61,"type":"0","frp":9.02,"daynight":"D","instrument":"VIIRS","brightness":343.1,"satellite":"N","year":2021},"geometry":{"type":"Point","coordinates":[29.63783,4.08195]}},
{"type":"Feature","properties":{"fid":214681,"acq_date":"2021-01-17","acq_time":"1052","bright_t31":304.43,"track":0.53,"version":"2","confidence":"n","scan":0.61,"type":"0","frp":9.02,"daynight":"D","instrument":"VIIRS","brightness":344.41,"satellite":"N","year":2021},"geometry":{"type":"Point","coordinates":[29.63864,4.07704]}},
{"type":"Feature","properties":{"fid":214679,"acq_date":"2021-01-17","acq_time":"1052","bright_t31":302.7,"track":0.53,"version":"2","confidence":"n","scan":0.61,"type":"0","frp":19.43,"daynight":"D","instrument":"VIIRS","brightness":347.59,"satellite":"N","year":2021},"geometry":{"type":"Point","coordinates":[29.6394,4.07212]}},
{"type":"Feature","properties":{"fid":421833,"acq_date":"2025-02-15","acq_time":"1129","bright_t31":303.04,"track":0.37,"version":"2.0NRT","confidence":"n","scan":0.41,"type":null,"frp":7.87,"daynight":"D","instrument":"VIIRS","brightness":339.01,"satellite":"N21","year":2025},"geometry":{"type":"Point","coordinates":[29.63995,4.07851]}},
{"type":"Feature","properties":{"fid":421834,"acq_date":"2025-02-15","acq_time":"1129","bright_t31":305.55,"track":0.37,"version":"2.0NRT","confidence":"n","scan":0.41,"type":null,"frp":7.87,"daynight":"D","instrument":"VIIRS","brightness":343.56,"satellite":"N21","year":2025},"geometry":{"type":"Point","coordinates":[29.64046,4.07513]}},
{"type":"Feature","properties":{"fid":5486,"acq_date":"2021-01-17","acq_time":"2240","bright_t31":287.17,"track":0.7,"version":"2","confidence":"n","scan":0.59,"type":"0","frp":3.41,"daynight":"N","instrument":"VIIRS","brightness":304.28,"satellite":"N20","year":2021},"geometry":{"type":"Point","coordinates":[29.638,4.06684]}},
{"type":"Feature","properties":{"fid":214674,"acq_date":"2021-01-17","acq_time":"1052","bright_t31":302.66,"track":0.53,"version":"2","confidence":"n","scan":0.61,"type":"0","frp":19.43,"daynight":"D","instrument":"VIIRS","brightness":340.91,"satellite":"N","year":2021},"geometry":{"type":"Point","coordinates":[29.64012,4.0672]}},
{"type":"Feature","properties":{"fid":320607,"acq_date":"2024-02-02","acq_time":"2300","bright_t31":287.07,"track":0.51,"version":"2","confidence":"n","scan":0.55,"type":"0","frp":2.38,"daynight":"N","instrument":"VIIRS","brightness":301.39,"satellite":"N","year":2024},"geometry":{"type":"Point","coordinates":[29.63891,4.06722]}},
{"type":"Feature","properties":{"fid":320583,"acq_date":"2024-02-02","acq_time":"2300","bright_t31":287.2,"track":0.51,"version":"2","confidence":"n","scan":0.55,"type":"0","frp":1.61,"daynight":"N","instrument":"VIIRS","brightness":299.08,"satellite":"N","year":2024},"geometry":{"type":"Point","coordinates":[29.64036,4.06774]}},
{"type":"Feature","properties":{"fid":5165,"acq_date":"2021-01-17","acq_time":"1142","bright_t31":310.19,"track":0.43,"version":"2","confidence":"n","scan":0.38,"type":"0","frp":16.47,"daynight":"D","instrument":"VIIRS","brightness":348.5,"satellite":"N20","year":2021},"geometry":{"type":"Point","coordinates":[29.63898,4.06903]}},
{"type":"Feature","properties":{"fid":71785,"acq_date":"2023-01-15","acq_time":"2331","bright_t31":279.33,"track":0.36,"version":"2","confidence":"n","scan":0.39,"type":"0","frp":0.87,"daynight":"N","instrument":"VIIRS","brightness":303.75,"satellite":"N20","year":2023},"geometry":{"type":"Point","coordinates":[29.64162,4.07101]}},
{"type":"Feature","properties":{"fid":362370,"acq_date":"2025-02-15","acq_time":"1156","bright_t31":296.21,"track":0.54,"version":"2","confidence":"n","scan":0.63,"type":"0","frp":8.79,"daynight":"D","instrument":"VIIRS","brightness":331.72,"satellite":"N","year":2025},"geometry":{"type":"Point","coordinates":[29.64159,4.07073]}},
{"type":"Feature","properties":{"fid":421835,"acq_date":"2025-02-15","acq_time":"1129","bright_t31":297.84,"track":0.37,"version":"2.0NRT","confidence":"n","scan":0.41,"type":null,"frp":6.03,"daynight":"D","instrument":"VIIRS","brightness":337.78,"satellite":"N21","year":2025},"geometry":{"type":"Point","coordinates":[29.64149,4.06836]}},
{"type":"Feature","properties":{"fid":281670,"acq_date":"2023-01-15","acq_time":"2242","bright_t31":286.14,"track":0.7,"version":"2","confidence":"n","scan":0.59,"type":"0","frp":12.8,"daynight":"N","instrument":"VIIRS","brightness":312.88,"satellite":"N","year":2023},"geometry":{"type":"Point","coordinates":[29.63762,4.07177]}},
{"type":"Feature","properties":{"fid":320580,"acq_date":"2024-02-02","acq_time":"2300","bright_t31":287.8,"track":0.51,"version":"2","confidence":"n","scan":0.55,"type":"0","frp":3.77,"daynight":"N","instrument":"VIIRS","brightness":317.53,"satellite":"N","year":2024},"geometry":{"type":"Point","coordinates":[29.64115,4.07245]}},
{"type":"Feature","properties":{"fid":5167,"acq_date":"2021-01-17","acq_time":"1142","bright_t31":309.22,"track":0.43,"version":"2","confidence":"n","scan":0.38,"type":"0","frp":16.48,"daynight":"D","instrument":"VIIRS","brightness":344.04,"satellite":"N20","year":2021},"geometry":{"type":"Point","coordinates":[29.64181,4.07352]}},
{"type":"Feature","properties":{"fid":362371,"acq_date":"2025-02-15","acq_time":"1156","bright_t31":295.51,"track":0.54,"version":"2","confidence":"n","scan":0.63,"type":"0","frp":8.79,"daynight":"D","instrument":"VIIRS","brightness":352.24,"satellite":"N","year":2025},"geometry":{"type":"Point","coordinates":[29.64088,4.07574]}},
{"type":"Feature","properties":{"fid":320602,"acq_date":"2024-02-02","acq_time":"2300","bright_t31":287.47,"track":0.51,"version":"2","confidence":"n","scan":0.55,"type":"0","frp":4.5,"daynight":"N","instrument":"VIIRS","brightness":301.72,"satellite":"N","year":2024},"geometry":{"type":"Point","coordinates":[29.64042,4.07666]}},
{"type":"Feature","properties":{"fid":320576,"acq_date":"2024-02-02","acq_time":"2300","bright_t31":288.08,"track":0.51,"version":"2","confidence":"n","scan":0.55,"type":"0","frp":3.77,"daynight":"N","instrument":"VIIRS","brightness":319.1,"satellite":"N","year":2024},"geometry":{"type":"Point","coordinates":[29.64189,4.07717]}},
{"type":"Feature","properties":{"fid":5171,"acq_date":"2021-01-17","acq_time":"1142","bright_t31":306.57,"track":0.43,"version":"2","confidence":"n","scan":0.38,"type":"0","frp":16.48,"daynight":"D","instrument":"VIIRS","brightness":348.93,"satellite":"N20","year":2021},"geometry":{"type":"Point","coordinates":[29.64123,4.0775]}},
{"type":"Feature","properties":{"fid":362378,"acq_date":"2025-02-15","acq_time":"1156","bright_t31":295.93,"track":0.54,"version":"2","confidence":"n","scan":0.63,"type":"0","frp":10.2,"daynight":"D","instrument":"VIIRS","brightness":338.96,"satellite":"N","year":2025},"geometry":{"type":"Point","coordinates":[29.63828,4.07462]}},
{"type":"Feature","properties":{"fid":281663,"acq_date":"2023-01-15","acq_time":"2242","bright_t31":286.77,"track":0.7,"version":"2","confidence":"n","scan":0.59,"type":"0","frp":12.8,"daynight":"N","instrument":"VIIRS","brightness":336.5,"satellite":"N","year":2023},"geometry":{"type":"Point","coordinates":[29.63868,4.07826]}},
{"type":"Feature","properties":{"fid":5483,"acq_date":"2021-01-17","acq_time":"2240","bright_t31":286.47,"track":0.7,"version":"2","confidence":"n","scan":0.59,"type":"0","frp":1.6,"daynight":"N","instrument":"VIIRS","brightness":302.47,"satellite":"N20","year":2021},"geometry":{"type":"Point","coordinates":[29.64015,4.07971]}},
{"type":"Feature","properties":{"fid":362372,"acq_date":"2025-02-15","acq_time":"1156","bright_t31":293.6,"track":0.54,"version":"2","confidence":"n","scan":0.63,"type":"0","frp":11.6,"daynight":"D","instrument":"VIIRS","brightness":342.09,"satellite":"N","year":2025},"geometry":{"type":"Point","coordinates":[29.6402,4.08076]}},
{"type":"Feature","properties":{"fid":5173,"acq_date":"2021-01-17","acq_time":"1142","bright_t31":305.24,"track":0.43,"version":"2","confidence":"n","scan":0.38,"type":"0","frp":9.61,"daynight":"D","instrument":"VIIRS","brightness":341.7,"satellite":"N20","year":2021},"geometry":{"type":"Point","coordinates":[29.64068,4.08149]}},
{"type":"Feature","properties":{"fid":71781,"acq_date":"2023-01-15","acq_time":"2331","bright_t31":286.62,"track":0.36,"version":"2","confidence":"n","scan":0.39,"type":"0","frp":2.97,"daynight":"N","instrument":"VIIRS","brightness":331.88,"satellite":"N20","year":2023},"geometry":{"type":"Point","coordinates":[29.63981,4.08172]}},
{"type":"Feature","properties":{"fid":281651,"acq_date":"2023-01-15","acq_time":"2242","bright_t31":290.06,"track":0.7,"version":"2","confidence":"h","scan":0.59,"type":"0","frp":13.66,"daynight":"N","instrument":"VIIRS","brightness":367.0,"satellite":"N","year":2023},"geometry":{"type":"Point","coordinates":[29.64092,4.08433]}},
{"type":"Feature","properties":{"fid":281673,"acq_date":"2023-01-15","acq_time":"2242","bright_t31":294.42,"track":0.7,"version":"2","confidence":"h","scan":0.59,"type":"0","frp":16.88,"daynight":"N","instrument":"VIIRS","brightness":367.0,"satellite":"N","year":2023},"geometry":{"type":"Point","coordinates":[29.64192,4.06451]}},
{"type":"Feature","properties":{"fid":5163,"acq_date":"2021-01-17","acq_time":"1142","bright_t31":305.67,"track":0.43,"version":"2","confidence":"n","scan":0.38,"type":"0","frp":16.47,"daynight":"D","instrument":"VIIRS","brightness":349.16,"satellite":"N20","year":2021},"geometry":{"type":"Point","coordinates":[29.63959,4.06505]}},
{"type":"Feature","properties":{"fid":214888,"acq_date":"2021-01-17","acq_time":"2330","bright_t31":289.61,"track":0.36,"version":"2","confidence":"n","scan":0.39,"type":"0","frp":1.18,"daynight":"N","instrument":"VIIRS","brightness":309.6,"satellite":"N","year":2021},"geometry":{"type":"Point","coordinates":[29.64009,4.06629]}},
{"type":"Feature","properties":{"fid":421598,"acq_date":"2025-02-13","acq_time":"2305","bright_t31":286.99,"track":0.46,"version":"2.0NRT","confidence":"n","scan":0.44,"type":null,"frp":15.49,"daynight":"N","instrument":"VIIRS","brightness":307.13,"satellite":"N21","year":2025},"geometry":{"type":"Point","coordinates":[29.64055,4.06446]}}
]
}
